filename,label,manipulation_type,bbox_xyxy
real_0000.jpg,0,none,
fake_0000_0_splice.jpg,1,splice,"[558, 178, 640, 284]"
fake_0000_1_local_recompression.jpg,1,local_recompression,"[616, 54, 699, 120]"
fake_0000_2_local_inconsistency.jpg,1,local_inconsistency,"[558, 859, 691, 958]"
fake_0000_3_text_overlay.jpg,1,text_overlay,"[432, 696, 488, 808]"
fake_0000_4_recompression.jpg,1,recompression,"[0, 0, 702, 1600]"
real_0001.jpg,0,none,
fake_0001_0_local_recompression.jpg,1,local_recompression,"[282, 600, 488, 678]"
fake_0001_1_local_inconsistency.jpg,1,local_inconsistency,"[46, 1354, 232, 1458]"
fake_0001_2_splice.jpg,1,splice,"[284, 928, 367, 984]"
fake_0001_3_text_overlay.jpg,1,text_overlay,"[73, 1247, 154, 1316]"
fake_0001_4_recompression.jpg,1,recompression,"[0, 0, 702, 1600]"
real_0002.jpg,0,none,
fake_0002_0_local_recompression.jpg,1,local_recompression,"[323, 821, 425, 871]"
fake_0002_1_text_overlay.jpg,1,text_overlay,"[580, 1470, 644, 1591]"
fake_0002_2_local_inconsistency.jpg,1,local_inconsistency,"[71, 505, 266, 564]"
fake_0002_3_recompression.jpg,1,recompression,"[0, 0, 702, 1600]"
fake_0002_4_splice.jpg,1,splice,"[521, 1010, 603, 1137]"
real_0003.jpg,0,none,
fake_0003_0_text_overlay.jpg,1,text_overlay,"[479, 1083, 581, 1178]"
fake_0003_1_local_recompression.jpg,1,local_recompression,"[348, 228, 493, 297]"
fake_0003_2_local_inconsistency.jpg,1,local_inconsistency,"[269, 1025, 435, 1109]"
fake_0003_3_recompression.jpg,1,recompression,"[0, 0, 702, 1600]"
fake_0003_4_splice.jpg,1,splice,"[165, 1104, 244, 1181]"
real_0004.jpg,0,none,
fake_0004_0_recompression.jpg,1,recompression,"[0, 0, 702, 1600]"
fake_0004_1_splice.jpg,1,splice,"[87, 995, 247, 1118]"
fake_0004_2_local_recompression.jpg,1,local_recompression,"[270, 1242, 473, 1303]"
fake_0004_3_text_overlay.jpg,1,text_overlay,"[205, 1460, 376, 1582]"
fake_0004_4_local_inconsistency.jpg,1,local_inconsistency,"[65, 692, 233, 759]"
real_0005.jpg,0,none,
fake_0005_0_splice.jpg,1,splice,"[338, 145, 402, 195]"
fake_0005_1_local_recompression.jpg,1,local_recompression,"[484, 497, 622, 588]"
fake_0005_2_local_inconsistency.jpg,1,local_inconsistency,"[49, 1349, 267, 1412]"
fake_0005_3_recompression.jpg,1,recompression,"[0, 0, 702, 1600]"
fake_0005_4_text_overlay.jpg,1,text_overlay,"[347, 223, 414, 303]"
real_0006.jpg,0,none,
fake_0006_0_recompression.jpg,1,recompression,"[0, 0, 702, 1600]"
fake_0006_1_text_overlay.jpg,1,text_overlay,"[553, 30, 620, 130]"
fake_0006_2_local_recompression.jpg,1,local_recompression,"[60, 337, 160, 417]"
fake_0006_3_local_inconsistency.jpg,1,local_inconsistency,"[465, 584, 570, 663]"
fake_0006_4_splice.jpg,1,splice,"[158, 388, 280, 493]"
real_0007.jpg,0,none,
fake_0007_0_local_recompression.jpg,1,local_recompression,"[543, 322, 620, 408]"
fake_0007_1_splice.jpg,1,splice,"[190, 140, 360, 194]"
fake_0007_2_local_inconsistency.jpg,1,local_inconsistency,"[252, 1185, 413, 1308]"
fake_0007_3_text_overlay.jpg,1,text_overlay,"[267, 418, 392, 507]"
fake_0007_4_recompression.jpg,1,recompression,"[0, 0, 702, 1600]"
real_0008.jpg,0,none,
fake_0008_0_splice.jpg,1,splice,"[135, 714, 255, 802]"
fake_0008_1_local_recompression.jpg,1,local_recompression,"[309, 1252, 401, 1366]"
fake_0008_2_text_overlay.jpg,1,text_overlay,"[306, 1358, 363, 1471]"
fake_0008_3_recompression.jpg,1,recompression,"[0, 0, 702, 1600]"
fake_0008_4_local_inconsistency.jpg,1,local_inconsistency,"[208, 1407, 398, 1512]"
real_0009.jpg,0,none,
fake_0009_0_splice.jpg,1,splice,"[133, 1304, 194, 1378]"
fake_0009_1_local_recompression.jpg,1,local_recompression,"[9, 229, 156, 311]"
fake_0009_2_local_inconsistency.jpg,1,local_inconsistency,"[76, 1117, 313, 1220]"
fake_0009_3_text_overlay.jpg,1,text_overlay,"[373, 81, 480, 132]"
fake_0009_4_recompression.jpg,1,recompression,"[0, 0, 702, 1600]"
real_0010.jpg,0,none,
fake_0010_0_text_overlay.jpg,1,text_overlay,"[421, 1371, 565, 1445]"
fake_0010_1_local_recompression.jpg,1,local_recompression,"[481, 455, 566, 572]"
fake_0010_2_recompression.jpg,1,recompression,"[0, 0, 702, 1600]"
fake_0010_3_splice.jpg,1,splice,"[408, 672, 490, 772]"
fake_0010_4_local_inconsistency.jpg,1,local_inconsistency,"[409, 1391, 553, 1490]"
real_0011.jpg,0,none,
fake_0011_0_splice.jpg,1,splice,"[321, 893, 390, 975]"
fake_0011_1_local_inconsistency.jpg,1,local_inconsistency,"[22, 1451, 253, 1514]"
fake_0011_2_local_recompression.jpg,1,local_recompression,"[201, 745, 367, 868]"
fake_0011_3_text_overlay.jpg,1,text_overlay,"[338, 1276, 402, 1377]"
fake_0011_4_recompression.jpg,1,recompression,"[0, 0, 702, 1600]"
real_0012.jpg,0,none,
fake_0012_0_local_inconsistency.jpg,1,local_inconsistency,"[315, 1165, 515, 1285]"
fake_0012_1_text_overlay.jpg,1,text_overlay,"[593, 1242, 683, 1324]"
fake_0012_2_splice.jpg,1,splice,"[173, 1349, 254, 1434]"
fake_0012_3_recompression.jpg,1,recompression,"[0, 0, 702, 1600]"
fake_0012_4_local_recompression.jpg,1,local_recompression,"[203, 301, 367, 366]"
real_0013.jpg,0,none,
fake_0013_0_splice.jpg,1,splice,"[199, 1471, 304, 1569]"
fake_0013_1_text_overlay.jpg,1,text_overlay,"[109, 870, 182, 973]"
fake_0013_2_recompression.jpg,1,recompression,"[0, 0, 702, 1600]"
fake_0013_3_local_recompression.jpg,1,local_recompression,"[543, 1144, 631, 1229]"
fake_0013_4_local_inconsistency.jpg,1,local_inconsistency,"[313, 1473, 551, 1592]"
real_0014.jpg,0,none,
fake_0014_0_recompression.jpg,1,recompression,"[0, 0, 702, 1600]"
fake_0014_1_text_overlay.jpg,1,text_overlay,"[244, 562, 391, 651]"
fake_0014_2_local_inconsistency.jpg,1,local_inconsistency,"[141, 308, 291, 399]"
fake_0014_3_local_recompression.jpg,1,local_recompression,"[555, 954, 634, 1034]"
fake_0014_4_splice.jpg,1,splice,"[398, 1196, 461, 1310]"
real_0015.jpg,0,none,
fake_0015_0_splice.jpg,1,splice,"[225, 999, 345, 1105]"
fake_0015_1_local_inconsistency.jpg,1,local_inconsistency,"[414, 1483, 523, 1557]"
fake_0015_2_text_overlay.jpg,1,text_overlay,"[403, 1212, 533, 1262]"
fake_0015_3_recompression.jpg,1,recompression,"[0, 0, 702, 1600]"
fake_0015_4_local_recompression.jpg,1,local_recompression,"[334, 691, 457, 755]"
real_0016.jpg,0,none,
fake_0016_0_local_inconsistency.jpg,1,local_inconsistency,"[358, 459, 466, 550]"
fake_0016_1_recompression.jpg,1,recompression,"[0, 0, 702, 1600]"
fake_0016_2_text_overlay.jpg,1,text_overlay,"[244, 258, 400, 355]"
fake_0016_3_splice.jpg,1,splice,"[117, 335, 264, 396]"
fake_0016_4_local_recompression.jpg,1,local_recompression,"[464, 768, 664, 862]"
real_0017.jpg,0,none,
fake_0017_0_text_overlay.jpg,1,text_overlay,"[123, 1159, 262, 1231]"
fake_0017_1_splice.jpg,1,splice,"[12, 860, 76, 959]"
fake_0017_2_local_inconsistency.jpg,1,local_inconsistency,"[470, 1448, 626, 1567]"
fake_0017_3_recompression.jpg,1,recompression,"[0, 0, 702, 1600]"
fake_0017_4_local_recompression.jpg,1,local_recompression,"[274, 660, 409, 774]"
real_0018.jpg,0,none,
fake_0018_0_splice.jpg,1,splice,"[344, 58, 468, 159]"
fake_0018_1_local_inconsistency.jpg,1,local_inconsistency,"[348, 572, 483, 683]"
fake_0018_2_text_overlay.jpg,1,text_overlay,"[87, 494, 144, 617]"
fake_0018_3_local_recompression.jpg,1,local_recompression,"[17, 190, 177, 277]"
fake_0018_4_recompression.jpg,1,recompression,"[0, 0, 702, 1600]"
real_0019.jpg,0,none,
fake_0019_0_text_overlay.jpg,1,text_overlay,"[563, 677, 685, 752]"
fake_0019_1_local_inconsistency.jpg,1,local_inconsistency,"[122, 1521, 244, 1584]"
fake_0019_2_recompression.jpg,1,recompression,"[0, 0, 702, 1600]"
fake_0019_3_local_recompression.jpg,1,local_recompression,"[289, 205, 460, 331]"
fake_0019_4_splice.jpg,1,splice,"[309, 28, 400, 104]"
real_0020.jpg,0,none,
fake_0020_0_splice.jpg,1,splice,"[291, 961, 361, 1009]"
fake_0020_1_local_inconsistency.jpg,1,local_inconsistency,"[441, 978, 688, 1046]"
fake_0020_2_recompression.jpg,1,recompression,"[0, 0, 720, 1600]"
fake_0020_3_local_recompression.jpg,1,local_recompression,"[311, 174, 404, 267]"
fake_0020_4_text_overlay.jpg,1,text_overlay,"[620, 1220, 692, 1329]"
real_0021.jpg,0,none,
fake_0021_0_recompression.jpg,1,recompression,"[0, 0, 720, 1600]"
fake_0021_1_local_inconsistency.jpg,1,local_inconsistency,"[108, 541, 352, 605]"
fake_0021_2_local_recompression.jpg,1,local_recompression,"[461, 1411, 543, 1459]"
fake_0021_3_text_overlay.jpg,1,text_overlay,"[289, 1439, 382, 1505]"
fake_0021_4_splice.jpg,1,splice,"[202, 870, 336, 970]"
real_0022.jpg,0,none,
fake_0022_0_text_overlay.jpg,1,text_overlay,"[582, 591, 659, 663]"
fake_0022_1_local_inconsistency.jpg,1,local_inconsistency,"[252, 896, 495, 984]"
fake_0022_2_splice.jpg,1,splice,"[93, 468, 190, 536]"
fake_0022_3_recompression.jpg,1,recompression,"[0, 0, 720, 1600]"
fake_0022_4_local_recompression.jpg,1,local_recompression,"[284, 371, 423, 471]"
real_0023.jpg,0,none,
fake_0023_0_recompression.jpg,1,recompression,"[0, 0, 720, 1600]"
fake_0023_1_splice.jpg,1,splice,"[507, 590, 669, 664]"
fake_0023_2_text_overlay.jpg,1,text_overlay,"[118, 827, 186, 895]"
fake_0023_3_local_inconsistency.jpg,1,local_inconsistency,"[510, 1280, 645, 1356]"
fake_0023_4_local_recompression.jpg,1,local_recompression,"[496, 248, 586, 319]"
real_0024.jpg,0,none,
fake_0024_0_local_recompression.jpg,1,local_recompression,"[95, 460, 246, 552]"
fake_0024_1_text_overlay.jpg,1,text_overlay,"[157, 1020, 271, 1077]"
fake_0024_2_local_inconsistency.jpg,1,local_inconsistency,"[467, 1128, 644, 1213]"
fake_0024_3_splice.jpg,1,splice,"[71, 565, 219, 623]"
fake_0024_4_recompression.jpg,1,recompression,"[0, 0, 720, 1600]"
real_0025.jpg,0,none,
fake_0025_0_local_recompression.jpg,1,local_recompression,"[556, 772, 677, 864]"
fake_0025_1_recompression.jpg,1,recompression,"[0, 0, 720, 1600]"
fake_0025_2_splice.jpg,1,splice,"[420, 89, 547, 155]"
fake_0025_3_text_overlay.jpg,1,text_overlay,"[155, 1014, 324, 1092]"
fake_0025_4_local_inconsistency.jpg,1,local_inconsistency,"[269, 935, 502, 1018]"
real_0026.jpg,0,none,
fake_0026_0_text_overlay.jpg,1,text_overlay,"[82, 672, 215, 751]"
fake_0026_1_splice.jpg,1,splice,"[36, 1264, 202, 1351]"
fake_0026_2_local_recompression.jpg,1,local_recompression,"[92, 888, 296, 1015]"
fake_0026_3_local_inconsistency.jpg,1,local_inconsistency,"[51, 908, 268, 1012]"
fake_0026_4_recompression.jpg,1,recompression,"[0, 0, 720, 1600]"
real_0027.jpg,0,none,
fake_0027_0_local_inconsistency.jpg,1,local_inconsistency,"[174, 358, 363, 469]"
fake_0027_1_recompression.jpg,1,recompression,"[0, 0, 720, 1600]"
fake_0027_2_splice.jpg,1,splice,"[260, 941, 335, 1025]"
fake_0027_3_local_recompression.jpg,1,local_recompression,"[161, 151, 348, 271]"
fake_0027_4_text_overlay.jpg,1,text_overlay,"[306, 1308, 479, 1435]"
real_0028.jpg,0,none,
fake_0028_0_recompression.jpg,1,recompression,"[0, 0, 720, 1600]"
fake_0028_1_local_recompression.jpg,1,local_recompression,"[405, 562, 519, 688]"
fake_0028_2_splice.jpg,1,splice,"[50, 1241, 176, 1343]"
fake_0028_3_local_inconsistency.jpg,1,local_inconsistency,"[224, 1303, 365, 1415]"
fake_0028_4_text_overlay.jpg,1,text_overlay,"[140, 1286, 291, 1388]"
real_0029.jpg,0,none,
fake_0029_0_local_inconsistency.jpg,1,local_inconsistency,"[67, 1104, 282, 1166]"
fake_0029_1_text_overlay.jpg,1,text_overlay,"[493, 604, 583, 665]"
fake_0029_2_splice.jpg,1,splice,"[406, 1141, 480, 1266]"
fake_0029_3_recompression.jpg,1,recompression,"[0, 0, 720, 1600]"
fake_0029_4_local_recompression.jpg,1,local_recompression,"[268, 1197, 357, 1274]"
real_0030.jpg,0,none,
fake_0030_0_local_inconsistency.jpg,1,local_inconsistency,"[574, 671, 685, 789]"
fake_0030_1_splice.jpg,1,splice,"[309, 1329, 467, 1449]"
fake_0030_2_local_recompression.jpg,1,local_recompression,"[504, 237, 712, 309]"
fake_0030_3_recompression.jpg,1,recompression,"[0, 0, 720, 1600]"
fake_0030_4_text_overlay.jpg,1,text_overlay,"[553, 858, 658, 935]"
real_0031.jpg,0,none,
fake_0031_0_local_recompression.jpg,1,local_recompression,"[241, 742, 344, 825]"
fake_0031_1_recompression.jpg,1,recompression,"[0, 0, 720, 1600]"
fake_0031_2_text_overlay.jpg,1,text_overlay,"[125, 931, 190, 1001]"
fake_0031_3_splice.jpg,1,splice,"[578, 420, 665, 478]"
fake_0031_4_local_inconsistency.jpg,1,local_inconsistency,"[336, 302, 475, 419]"
real_0032.jpg,0,none,
fake_0032_0_text_overlay.jpg,1,text_overlay,"[134, 30, 205, 147]"
fake_0032_1_local_recompression.jpg,1,local_recompression,"[538, 232, 617, 339]"
fake_0032_2_local_inconsistency.jpg,1,local_inconsistency,"[525, 1215, 701, 1325]"
fake_0032_3_recompression.jpg,1,recompression,"[0, 0, 720, 1600]"
fake_0032_4_splice.jpg,1,splice,"[31, 124, 125, 223]"
real_0033.jpg,0,none,
fake_0033_0_splice.jpg,1,splice,"[151, 134, 318, 207]"
fake_0033_1_recompression.jpg,1,recompression,"[0, 0, 720, 1600]"
fake_0033_2_local_inconsistency.jpg,1,local_inconsistency,"[232, 1035, 483, 1125]"
fake_0033_3_text_overlay.jpg,1,text_overlay,"[220, 880, 381, 980]"
fake_0033_4_local_recompression.jpg,1,local_recompression,"[320, 874, 449, 980]"
real_0034.jpg,0,none,
fake_0034_0_local_inconsistency.jpg,1,local_inconsistency,"[442, 197, 563, 251]"
fake_0034_1_local_recompression.jpg,1,local_recompression,"[575, 675, 655, 799]"
fake_0034_2_splice.jpg,1,splice,"[433, 1476, 540, 1593]"
fake_0034_3_text_overlay.jpg,1,text_overlay,"[217, 316, 317, 410]"
fake_0034_4_recompression.jpg,1,recompression,"[0, 0, 720, 1600]"
real_0035.jpg,0,none,
fake_0035_0_text_overlay.jpg,1,text_overlay,"[316, 695, 377, 764]"
fake_0035_1_recompression.jpg,1,recompression,"[0, 0, 720, 1600]"
fake_0035_2_local_inconsistency.jpg,1,local_inconsistency,"[271, 440, 518, 495]"
fake_0035_3_splice.jpg,1,splice,"[581, 1221, 676, 1294]"
fake_0035_4_local_recompression.jpg,1,local_recompression,"[83, 557, 263, 608]"
real_0036.jpg,0,none,
fake_0036_0_recompression.jpg,1,recompression,"[0, 0, 720, 1600]"
fake_0036_1_local_recompression.jpg,1,local_recompression,"[498, 1079, 619, 1135]"
fake_0036_2_local_inconsistency.jpg,1,local_inconsistency,"[56, 15, 170, 94]"
fake_0036_3_text_overlay.jpg,1,text_overlay,"[122, 15, 273, 86]"
fake_0036_4_splice.jpg,1,splice,"[362, 147, 505, 235]"
real_0037.jpg,0,none,
fake_0037_0_splice.jpg,1,splice,"[117, 829, 261, 910]"
fake_0037_1_local_inconsistency.jpg,1,local_inconsistency,"[353, 741, 597, 825]"
fake_0037_2_recompression.jpg,1,recompression,"[0, 0, 720, 1600]"
fake_0037_3_text_overlay.jpg,1,text_overlay,"[226, 682, 390, 789]"
fake_0037_4_local_recompression.jpg,1,local_recompression,"[359, 1489, 458, 1599]"
real_0038.jpg,0,none,
fake_0038_0_text_overlay.jpg,1,text_overlay,"[77, 362, 155, 422]"
fake_0038_1_splice.jpg,1,splice,"[330, 1284, 495, 1383]"
fake_0038_2_recompression.jpg,1,recompression,"[0, 0, 720, 1600]"
fake_0038_3_local_recompression.jpg,1,local_recompression,"[360, 1039, 546, 1134]"
fake_0038_4_local_inconsistency.jpg,1,local_inconsistency,"[58, 755, 210, 839]"
real_0039.jpg,0,none,
fake_0039_0_splice.jpg,1,splice,"[192, 658, 360, 751]"
fake_0039_1_recompression.jpg,1,recompression,"[0, 0, 720, 1600]"
fake_0039_2_text_overlay.jpg,1,text_overlay,"[86, 1033, 242, 1147]"
fake_0039_3_local_recompression.jpg,1,local_recompression,"[312, 325, 526, 414]"
fake_0039_4_local_inconsistency.jpg,1,local_inconsistency,"[418, 692, 579, 762]"
real_0040.jpg,0,none,
fake_0040_0_local_inconsistency.jpg,1,local_inconsistency,"[153, 682, 301, 787]"
fake_0040_1_splice.jpg,1,splice,"[401, 264, 496, 364]"
fake_0040_2_text_overlay.jpg,1,text_overlay,"[336, 261, 431, 339]"
fake_0040_3_recompression.jpg,1,recompression,"[0, 0, 720, 1600]"
fake_0040_4_local_recompression.jpg,1,local_recompression,"[497, 393, 594, 458]"
real_0041.jpg,0,none,
fake_0041_0_text_overlay.jpg,1,text_overlay,"[539, 77, 658, 168]"
fake_0041_1_local_recompression.jpg,1,local_recompression,"[169, 1476, 267, 1579]"
fake_0041_2_splice.jpg,1,splice,"[243, 909, 305, 986]"
fake_0041_3_recompression.jpg,1,recompression,"[0, 0, 720, 1600]"
fake_0041_4_local_inconsistency.jpg,1,local_inconsistency,"[480, 397, 632, 509]"
real_0042.jpg,0,none,
fake_0042_0_recompression.jpg,1,recompression,"[0, 0, 720, 1600]"
fake_0042_1_local_inconsistency.jpg,1,local_inconsistency,"[246, 760, 479, 812]"
fake_0042_2_text_overlay.jpg,1,text_overlay,"[164, 558, 325, 628]"
fake_0042_3_local_recompression.jpg,1,local_recompression,"[357, 54, 560, 167]"
fake_0042_4_splice.jpg,1,splice,"[241, 790, 305, 878]"
real_0043.jpg,0,none,
fake_0043_0_local_inconsistency.jpg,1,local_inconsistency,"[483, 1425, 610, 1495]"
fake_0043_1_splice.jpg,1,splice,"[19, 524, 151, 644]"
fake_0043_2_local_recompression.jpg,1,local_recompression,"[113, 590, 289, 680]"
fake_0043_3_text_overlay.jpg,1,text_overlay,"[429, 1308, 523, 1359]"
fake_0043_4_recompression.jpg,1,recompression,"[0, 0, 720, 1600]"
real_0044.jpg,0,none,
fake_0044_0_local_recompression.jpg,1,local_recompression,"[246, 1168, 379, 1265]"
fake_0044_1_text_overlay.jpg,1,text_overlay,"[536, 738, 616, 839]"
fake_0044_2_local_inconsistency.jpg,1,local_inconsistency,"[481, 89, 661, 138]"
fake_0044_3_splice.jpg,1,splice,"[353, 493, 412, 604]"
fake_0044_4_recompression.jpg,1,recompression,"[0, 0, 716, 1600]"
real_0045.jpg,0,none,
fake_0045_0_local_recompression.jpg,1,local_recompression,"[93, 276, 305, 362]"
fake_0045_1_local_inconsistency.jpg,1,local_inconsistency,"[18, 600, 227, 723]"
fake_0045_2_recompression.jpg,1,recompression,"[0, 0, 716, 1600]"
fake_0045_3_splice.jpg,1,splice,"[259, 74, 436, 165]"
fake_0045_4_text_overlay.jpg,1,text_overlay,"[339, 559, 491, 676]"
real_0046.jpg,0,none,
fake_0046_0_recompression.jpg,1,recompression,"[0, 0, 716, 1600]"
fake_0046_1_local_inconsistency.jpg,1,local_inconsistency,"[308, 369, 519, 423]"
fake_0046_2_splice.jpg,1,splice,"[436, 341, 573, 413]"
fake_0046_3_text_overlay.jpg,1,text_overlay,"[445, 562, 590, 682]"
fake_0046_4_local_recompression.jpg,1,local_recompression,"[31, 292, 217, 394]"
real_0047.jpg,0,none,
fake_0047_0_splice.jpg,1,splice,"[33, 1239, 134, 1362]"
fake_0047_1_text_overlay.jpg,1,text_overlay,"[78, 1175, 180, 1258]"
fake_0047_2_local_recompression.jpg,1,local_recompression,"[26, 381, 137, 505]"
fake_0047_3_local_inconsistency.jpg,1,local_inconsistency,"[120, 536, 301, 657]"
fake_0047_4_recompression.jpg,1,recompression,"[0, 0, 716, 1600]"
real_0048.jpg,0,none,
fake_0048_0_splice.jpg,1,splice,"[89, 1396, 255, 1479]"
fake_0048_1_text_overlay.jpg,1,text_overlay,"[307, 322, 372, 413]"
fake_0048_2_local_recompression.jpg,1,local_recompression,"[121, 1011, 333, 1122]"
fake_0048_3_recompression.jpg,1,recompression,"[0, 0, 716, 1600]"
fake_0048_4_local_inconsistency.jpg,1,local_inconsistency,"[132, 1253, 306, 1379]"
real_0049.jpg,0,none,
fake_0049_0_recompression.jpg,1,recompression,"[0, 0, 716, 1600]"
fake_0049_1_local_recompression.jpg,1,local_recompression,"[131, 1129, 269, 1218]"
fake_0049_2_text_overlay.jpg,1,text_overlay,"[514, 113, 664, 171]"
fake_0049_3_splice.jpg,1,splice,"[354, 1062, 450, 1166]"
fake_0049_4_local_inconsistency.jpg,1,local_inconsistency,"[128, 1280, 326, 1372]"
real_0050.jpg,0,none,
fake_0050_0_text_overlay.jpg,1,text_overlay,"[46, 1313, 203, 1363]"
fake_0050_1_local_recompression.jpg,1,local_recompression,"[558, 593, 633, 712]"
fake_0050_2_splice.jpg,1,splice,"[415, 609, 531, 721]"
fake_0050_3_recompression.jpg,1,recompression,"[0, 0, 716, 1600]"
fake_0050_4_local_inconsistency.jpg,1,local_inconsistency,"[147, 640, 323, 704]"
real_0051.jpg,0,none,
fake_0051_0_local_inconsistency.jpg,1,local_inconsistency,"[273, 920, 426, 1005]"
fake_0051_1_recompression.jpg,1,recompression,"[0, 0, 716, 1600]"
fake_0051_2_splice.jpg,1,splice,"[335, 1183, 509, 1303]"
fake_0051_3_text_overlay.jpg,1,text_overlay,"[510, 631, 627, 720]"
fake_0051_4_local_recompression.jpg,1,local_recompression,"[180, 99, 390, 164]"
real_0052.jpg,0,none,
fake_0052_0_local_inconsistency.jpg,1,local_inconsistency,"[441, 274, 625, 389]"
fake_0052_1_recompression.jpg,1,recompression,"[0, 0, 716, 1600]"
fake_0052_2_local_recompression.jpg,1,local_recompression,"[295, 150, 448, 213]"
fake_0052_3_text_overlay.jpg,1,text_overlay,"[286, 1276, 404, 1385]"
fake_0052_4_splice.jpg,1,splice,"[374, 295, 528, 370]"
real_0053.jpg,0,none,
fake_0053_0_local_recompression.jpg,1,local_recompression,"[531, 935, 704, 1047]"
fake_0053_1_splice.jpg,1,splice,"[335, 1255, 466, 1344]"
fake_0053_2_recompression.jpg,1,recompression,"[0, 0, 716, 1600]"
fake_0053_3_local_inconsistency.jpg,1,local_inconsistency,"[362, 1152, 588, 1242]"
fake_0053_4_text_overlay.jpg,1,text_overlay,"[315, 1409, 454, 1535]"
real_0054.jpg,0,none,
fake_0054_0_local_recompression.jpg,1,local_recompression,"[389, 302, 485, 400]"
fake_0054_1_text_overlay.jpg,1,text_overlay,"[112, 390, 173, 513]"
fake_0054_2_local_inconsistency.jpg,1,local_inconsistency,"[396, 1252, 602, 1332]"
fake_0054_3_splice.jpg,1,splice,"[212, 1148, 276, 1207]"
fake_0054_4_recompression.jpg,1,recompression,"[0, 0, 716, 1600]"
real_0055.jpg,0,none,
fake_0055_0_local_recompression.jpg,1,local_recompression,"[252, 571, 410, 634]"
fake_0055_1_local_inconsistency.jpg,1,local_inconsistency,"[304, 591, 454, 714]"
fake_0055_2_recompression.jpg,1,recompression,"[0, 0, 716, 1600]"
fake_0055_3_text_overlay.jpg,1,text_overlay,"[556, 777, 648, 870]"
fake_0055_4_splice.jpg,1,splice,"[452, 1343, 625, 1397]"
real_0056.jpg,0,none,
fake_0056_0_text_overlay.jpg,1,text_overlay,"[245, 496, 315, 603]"
fake_0056_1_local_inconsistency.jpg,1,local_inconsistency,"[102, 1395, 268, 1500]"
fake_0056_2_recompression.jpg,1,recompression,"[0, 0, 716, 1600]"
fake_0056_3_local_recompression.jpg,1,local_recompression,"[244, 1332, 449, 1450]"
fake_0056_4_splice.jpg,1,splice,"[292, 1322, 441, 1392]"
real_0057.jpg,0,none,
fake_0057_0_text_overlay.jpg,1,text_overlay,"[406, 1014, 576, 1064]"
fake_0057_1_splice.jpg,1,splice,"[343, 582, 473, 704]"
fake_0057_2_recompression.jpg,1,recompression,"[0, 0, 716, 1600]"
fake_0057_3_local_recompression.jpg,1,local_recompression,"[338, 332, 448, 444]"
fake_0057_4_local_inconsistency.jpg,1,local_inconsistency,"[14, 690, 214, 795]"
real_0058.jpg,0,none,
fake_0058_0_text_overlay.jpg,1,text_overlay,"[143, 977, 249, 1032]"
fake_0058_1_recompression.jpg,1,recompression,"[0, 0, 716, 1600]"
fake_0058_2_local_recompression.jpg,1,local_recompression,"[267, 1338, 422, 1431]"
fake_0058_3_local_inconsistency.jpg,1,local_inconsistency,"[60, 953, 266, 1005]"
fake_0058_4_splice.jpg,1,splice,"[318, 1413, 484, 1517]"
real_0059.jpg,0,none,
fake_0059_0_local_inconsistency.jpg,1,local_inconsistency,"[232, 1240, 476, 1326]"
fake_0059_1_local_recompression.jpg,1,local_recompression,"[223, 506, 403, 618]"
fake_0059_2_recompression.jpg,1,recompression,"[0, 0, 716, 1600]"
fake_0059_3_splice.jpg,1,splice,"[63, 1121, 129, 1214]"
fake_0059_4_text_overlay.jpg,1,text_overlay,"[532, 904, 607, 978]"
real_0060.jpg,0,none,
fake_0060_0_recompression.jpg,1,recompression,"[0, 0, 716, 1600]"
fake_0060_1_splice.jpg,1,splice,"[22, 810, 135, 922]"
fake_0060_2_text_overlay.jpg,1,text_overlay,"[352, 1434, 479, 1485]"
fake_0060_3_local_recompression.jpg,1,local_recompression,"[184, 277, 323, 347]"
fake_0060_4_local_inconsistency.jpg,1,local_inconsistency,"[459, 773, 620, 892]"
real_0061.jpg,0,none,
fake_0061_0_local_recompression.jpg,1,local_recompression,"[541, 260, 638, 350]"
fake_0061_1_text_overlay.jpg,1,text_overlay,"[305, 948, 463, 1056]"
fake_0061_2_local_inconsistency.jpg,1,local_inconsistency,"[158, 564, 298, 648]"
fake_0061_3_recompression.jpg,1,recompression,"[0, 0, 716, 1600]"
fake_0061_4_splice.jpg,1,splice,"[16, 492, 148, 614]"
real_0062.jpg,0,none,
fake_0062_0_splice.jpg,1,splice,"[239, 1105, 386, 1185]"
fake_0062_1_recompression.jpg,1,recompression,"[0, 0, 716, 1600]"
fake_0062_2_local_inconsistency.jpg,1,local_inconsistency,"[328, 485, 518, 594]"
fake_0062_3_local_recompression.jpg,1,local_recompression,"[62, 1140, 165, 1212]"
fake_0062_4_text_overlay.jpg,1,text_overlay,"[507, 96, 640, 178]"
real_0063.jpg,0,none,
fake_0063_0_recompression.jpg,1,recompression,"[0, 0, 716, 1600]"
fake_0063_1_text_overlay.jpg,1,text_overlay,"[474, 118, 635, 177]"
fake_0063_2_local_recompression.jpg,1,local_recompression,"[80, 921, 186, 985]"
fake_0063_3_local_inconsistency.jpg,1,local_inconsistency,"[195, 105, 315, 210]"
fake_0063_4_splice.jpg,1,splice,"[222, 981, 385, 1044]"
real_0064.jpg,0,none,
fake_0064_0_splice.jpg,1,splice,"[209, 812, 377, 915]"
fake_0064_1_text_overlay.jpg,1,text_overlay,"[367, 631, 458, 716]"
fake_0064_2_local_recompression.jpg,1,local_recompression,"[327, 416, 513, 521]"
fake_0064_3_local_inconsistency.jpg,1,local_inconsistency,"[226, 1518, 378, 1569]"
fake_0064_4_recompression.jpg,1,recompression,"[0, 0, 716, 1600]"
real_0065.jpg,0,none,
fake_0065_0_local_inconsistency.jpg,1,local_inconsistency,"[345, 527, 531, 650]"
fake_0065_1_text_overlay.jpg,1,text_overlay,"[360, 346, 507, 430]"
fake_0065_2_recompression.jpg,1,recompression,"[0, 0, 716, 1600]"
fake_0065_3_splice.jpg,1,splice,"[49, 13, 208, 66]"
fake_0065_4_local_recompression.jpg,1,local_recompression,"[9, 447, 113, 551]"
real_0066.jpg,0,none,
fake_0066_0_recompression.jpg,1,recompression,"[0, 0, 716, 1600]"
fake_0066_1_local_inconsistency.jpg,1,local_inconsistency,"[281, 1097, 467, 1145]"
fake_0066_2_splice.jpg,1,splice,"[183, 219, 322, 331]"
fake_0066_3_text_overlay.jpg,1,text_overlay,"[362, 547, 442, 637]"
fake_0066_4_local_recompression.jpg,1,local_recompression,"[307, 1400, 413, 1503]"
real_0067.jpg,0,none,
fake_0067_0_splice.jpg,1,splice,"[9, 1439, 133, 1491]"
fake_0067_1_local_recompression.jpg,1,local_recompression,"[579, 195, 712, 305]"
fake_0067_2_text_overlay.jpg,1,text_overlay,"[486, 555, 655, 621]"
fake_0067_3_local_inconsistency.jpg,1,local_inconsistency,"[322, 32, 434, 154]"
fake_0067_4_recompression.jpg,1,recompression,"[0, 0, 716, 1600]"
real_0068.jpg,0,none,
fake_0068_0_local_recompression.jpg,1,local_recompression,"[80, 1025, 206, 1132]"
fake_0068_1_text_overlay.jpg,1,text_overlay,"[77, 697, 140, 779]"
fake_0068_2_local_inconsistency.jpg,1,local_inconsistency,"[116, 728, 335, 812]"
fake_0068_3_recompression.jpg,1,recompression,"[0, 0, 716, 1600]"
fake_0068_4_splice.jpg,1,splice,"[75, 168, 168, 235]"
real_0069.jpg,0,none,
fake_0069_0_text_overlay.jpg,1,text_overlay,"[455, 737, 523, 860]"
fake_0069_1_recompression.jpg,1,recompression,"[0, 0, 716, 1600]"
fake_0069_2_local_recompression.jpg,1,local_recompression,"[362, 1135, 492, 1185]"
fake_0069_3_local_inconsistency.jpg,1,local_inconsistency,"[394, 25, 586, 135]"
fake_0069_4_splice.jpg,1,splice,"[248, 1171, 414, 1291]"
real_0070.jpg,0,none,
fake_0070_0_text_overlay.jpg,1,text_overlay,"[445, 565, 562, 618]"
fake_0070_1_local_recompression.jpg,1,local_recompression,"[253, 1216, 459, 1321]"
fake_0070_2_recompression.jpg,1,recompression,"[0, 0, 716, 1600]"
fake_0070_3_local_inconsistency.jpg,1,local_inconsistency,"[389, 674, 497, 753]"
fake_0070_4_splice.jpg,1,splice,"[307, 656, 443, 751]"
real_0071.jpg,0,none,
fake_0071_0_recompression.jpg,1,recompression,"[0, 0, 716, 1600]"
fake_0071_1_local_inconsistency.jpg,1,local_inconsistency,"[204, 1212, 363, 1334]"
fake_0071_2_text_overlay.jpg,1,text_overlay,"[214, 897, 274, 1003]"
fake_0071_3_local_recompression.jpg,1,local_recompression,"[157, 1464, 271, 1532]"
fake_0071_4_splice.jpg,1,splice,"[490, 1192, 643, 1245]"
real_0072.jpg,0,none,
fake_0072_0_recompression.jpg,1,recompression,"[0, 0, 716, 1600]"
fake_0072_1_splice.jpg,1,splice,"[45, 1153, 145, 1252]"
fake_0072_2_text_overlay.jpg,1,text_overlay,"[264, 454, 373, 502]"
fake_0072_3_local_recompression.jpg,1,local_recompression,"[512, 308, 649, 410]"
fake_0072_4_local_inconsistency.jpg,1,local_inconsistency,"[151, 851, 401, 937]"
real_0073.jpg,0,none,
fake_0073_0_text_overlay.jpg,1,text_overlay,"[356, 975, 508, 1064]"
fake_0073_1_local_inconsistency.jpg,1,local_inconsistency,"[23, 702, 136, 806]"
fake_0073_2_local_recompression.jpg,1,local_recompression,"[89, 1130, 301, 1197]"
fake_0073_3_recompression.jpg,1,recompression,"[0, 0, 716, 1600]"
fake_0073_4_splice.jpg,1,splice,"[188, 381, 273, 461]"
real_0074.jpg,0,none,
fake_0074_0_local_recompression.jpg,1,local_recompression,"[285, 1441, 357, 1506]"
fake_0074_1_text_overlay.jpg,1,text_overlay,"[549, 382, 676, 493]"
fake_0074_2_recompression.jpg,1,recompression,"[0, 0, 716, 1600]"
fake_0074_3_local_inconsistency.jpg,1,local_inconsistency,"[116, 712, 308, 808]"
fake_0074_4_splice.jpg,1,splice,"[86, 1376, 225, 1488]"
real_0075.jpg,0,none,
fake_0075_0_local_inconsistency.jpg,1,local_inconsistency,"[141, 1177, 321, 1258]"
fake_0075_1_splice.jpg,1,splice,"[177, 1136, 318, 1235]"
fake_0075_2_recompression.jpg,1,recompression,"[0, 0, 716, 1600]"
fake_0075_3_text_overlay.jpg,1,text_overlay,"[9, 992, 141, 1109]"
fake_0075_4_local_recompression.jpg,1,local_recompression,"[454, 1000, 584, 1087]"
real_0076.jpg,0,none,
fake_0076_0_splice.jpg,1,splice,"[172, 936, 262, 1027]"
fake_0076_1_local_recompression.jpg,1,local_recompression,"[556, 751, 643, 808]"
fake_0076_2_recompression.jpg,1,recompression,"[0, 0, 716, 1600]"
fake_0076_3_text_overlay.jpg,1,text_overlay,"[253, 609, 336, 691]"
fake_0076_4_local_inconsistency.jpg,1,local_inconsistency,"[120, 485, 239, 602]"
real_0077.jpg,0,none,
fake_0077_0_local_recompression.jpg,1,local_recompression,"[359, 1090, 547, 1202]"
fake_0077_1_recompression.jpg,1,recompression,"[0, 0, 716, 1600]"
fake_0077_2_splice.jpg,1,splice,"[526, 1391, 618, 1484]"
fake_0077_3_local_inconsistency.jpg,1,local_inconsistency,"[141, 1343, 360, 1464]"
fake_0077_4_text_overlay.jpg,1,text_overlay,"[402, 1002, 545, 1116]"
real_0078.jpg,0,none,
fake_0078_0_splice.jpg,1,splice,"[595, 5, 707, 92]"
fake_0078_1_recompression.jpg,1,recompression,"[0, 0, 716, 1600]"
fake_0078_2_local_inconsistency.jpg,1,local_inconsistency,"[219, 433, 440, 512]"
fake_0078_3_text_overlay.jpg,1,text_overlay,"[496, 703, 619, 761]"
fake_0078_4_local_recompression.jpg,1,local_recompression,"[161, 903, 352, 952]"
real_0079.jpg,0,none,
fake_0079_0_splice.jpg,1,splice,"[280, 191, 356, 313]"
fake_0079_1_recompression.jpg,1,recompression,"[0, 0, 716, 1600]"
fake_0079_2_local_recompression.jpg,1,local_recompression,"[239, 879, 400, 985]"
fake_0079_3_local_inconsistency.jpg,1,local_inconsistency,"[244, 159, 452, 207]"
fake_0079_4_text_overlay.jpg,1,text_overlay,"[123, 864, 181, 967]"
real_0080.jpg,0,none,
fake_0080_0_splice.jpg,1,splice,"[136, 1313, 300, 1371]"
fake_0080_1_local_recompression.jpg,1,local_recompression,"[450, 719, 522, 819]"
fake_0080_2_recompression.jpg,1,recompression,"[0, 0, 716, 1600]"
fake_0080_3_text_overlay.jpg,1,text_overlay,"[102, 286, 213, 351]"
fake_0080_4_local_inconsistency.jpg,1,local_inconsistency,"[86, 508, 213, 578]"
real_0081.jpg,0,none,
fake_0081_0_splice.jpg,1,splice,"[245, 1013, 338, 1065]"
fake_0081_1_local_inconsistency.jpg,1,local_inconsistency,"[12, 739, 210, 792]"
fake_0081_2_local_recompression.jpg,1,local_recompression,"[176, 964, 328, 1041]"
fake_0081_3_recompression.jpg,1,recompression,"[0, 0, 716, 1600]"
fake_0081_4_text_overlay.jpg,1,text_overlay,"[61, 815, 119, 880]"
real_0082.jpg,0,none,
fake_0082_0_recompression.jpg,1,recompression,"[0, 0, 716, 1600]"
fake_0082_1_splice.jpg,1,splice,"[159, 1098, 278, 1162]"
fake_0082_2_local_inconsistency.jpg,1,local_inconsistency,"[329, 135, 545, 234]"
fake_0082_3_local_recompression.jpg,1,local_recompression,"[444, 237, 549, 304]"
fake_0082_4_text_overlay.jpg,1,text_overlay,"[179, 244, 310, 296]"
real_0083.jpg,0,none,
fake_0083_0_local_inconsistency.jpg,1,local_inconsistency,"[375, 241, 589, 358]"
fake_0083_1_local_recompression.jpg,1,local_recompression,"[590, 1285, 700, 1338]"
fake_0083_2_splice.jpg,1,splice,"[56, 1023, 173, 1111]"
fake_0083_3_text_overlay.jpg,1,text_overlay,"[587, 1380, 675, 1436]"
fake_0083_4_recompression.jpg,1,recompression,"[0, 0, 716, 1600]"
real_0084.jpg,0,none,
fake_0084_0_recompression.jpg,1,recompression,"[0, 0, 716, 1600]"
fake_0084_1_local_inconsistency.jpg,1,local_inconsistency,"[164, 508, 377, 589]"
fake_0084_2_text_overlay.jpg,1,text_overlay,"[514, 1378, 580, 1455]"
fake_0084_3_splice.jpg,1,splice,"[476, 578, 649, 631]"
fake_0084_4_local_recompression.jpg,1,local_recompression,"[298, 1154, 435, 1231]"
real_0085.jpg,0,none,
fake_0085_0_local_recompression.jpg,1,local_recompression,"[375, 1119, 589, 1229]"
fake_0085_1_text_overlay.jpg,1,text_overlay,"[24, 477, 99, 599]"
fake_0085_2_recompression.jpg,1,recompression,"[0, 0, 716, 1600]"
fake_0085_3_local_inconsistency.jpg,1,local_inconsistency,"[503, 122, 686, 189]"
fake_0085_4_splice.jpg,1,splice,"[532, 845, 594, 911]"
real_0086.jpg,0,none,
fake_0086_0_splice.jpg,1,splice,"[445, 1356, 511, 1449]"
fake_0086_1_local_recompression.jpg,1,local_recompression,"[402, 1435, 595, 1557]"
fake_0086_2_local_inconsistency.jpg,1,local_inconsistency,"[76, 415, 228, 484]"
fake_0086_3_recompression.jpg,1,recompression,"[0, 0, 716, 1600]"
fake_0086_4_text_overlay.jpg,1,text_overlay,"[548, 733, 662, 813]"
real_0087.jpg,0,none,
fake_0087_0_splice.jpg,1,splice,"[151, 186, 234, 302]"
fake_0087_1_local_recompression.jpg,1,local_recompression,"[178, 63, 256, 134]"
fake_0087_2_recompression.jpg,1,recompression,"[0, 0, 716, 1600]"
fake_0087_3_text_overlay.jpg,1,text_overlay,"[143, 248, 211, 304]"
fake_0087_4_local_inconsistency.jpg,1,local_inconsistency,"[86, 1192, 250, 1294]"
real_0088.jpg,0,none,
fake_0088_0_splice.jpg,1,splice,"[828, 1358, 931, 1531]"
fake_0088_1_text_overlay.jpg,1,text_overlay,"[443, 1617, 538, 1799]"
fake_0088_2_local_inconsistency.jpg,1,local_inconsistency,"[286, 1826, 494, 1920]"
fake_0088_3_recompression.jpg,1,recompression,"[0, 0, 1080, 2400]"
fake_0088_4_local_recompression.jpg,1,local_recompression,"[490, 249, 705, 426]"
real_0089.jpg,0,none,
fake_0089_0_local_inconsistency.jpg,1,local_inconsistency,"[255, 2226, 555, 2393]"
fake_0089_1_recompression.jpg,1,recompression,"[0, 0, 1080, 2400]"
fake_0089_2_splice.jpg,1,splice,"[329, 1590, 478, 1729]"
fake_0089_3_text_overlay.jpg,1,text_overlay,"[830, 1150, 1026, 1225]"
fake_0089_4_local_recompression.jpg,1,local_recompression,"[102, 1015, 425, 1203]"
real_0090.jpg,0,none,
fake_0090_0_local_inconsistency.jpg,1,local_inconsistency,"[177, 721, 541, 911]"
fake_0090_1_splice.jpg,1,splice,"[720, 1440, 872, 1582]"
fake_0090_2_recompression.jpg,1,recompression,"[0, 0, 1080, 2400]"
fake_0090_3_text_overlay.jpg,1,text_overlay,"[92, 230, 235, 360]"
fake_0090_4_local_recompression.jpg,1,local_recompression,"[825, 534, 1004, 679]"
real_0091.jpg,0,none,
fake_0091_0_text_overlay.jpg,1,text_overlay,"[792, 454, 986, 636]"
fake_0091_1_local_inconsistency.jpg,1,local_inconsistency,"[344, 1236, 649, 1378]"
fake_0091_2_splice.jpg,1,splice,"[498, 1299, 664, 1447]"
fake_0091_3_recompression.jpg,1,recompression,"[0, 0, 1080, 2400]"
fake_0091_4_local_recompression.jpg,1,local_recompression,"[1, 1603, 172, 1696]"
real_0092.jpg,0,none,
fake_0092_0_text_overlay.jpg,1,text_overlay,"[763, 318, 1021, 406]"
fake_0092_1_local_inconsistency.jpg,1,local_inconsistency,"[686, 1375, 1056, 1545]"
fake_0092_2_recompression.jpg,1,recompression,"[0, 0, 1080, 2400]"
fake_0092_3_splice.jpg,1,splice,"[49, 1580, 279, 1738]"
fake_0092_4_local_recompression.jpg,1,local_recompression,"[387, 1438, 686, 1569]"
real_0093.jpg,0,none,
fake_0093_0_recompression.jpg,1,recompression,"[0, 0, 1080, 2400]"
fake_0093_1_splice.jpg,1,splice,"[107, 303, 197, 406]"
fake_0093_2_text_overlay.jpg,1,text_overlay,"[964, 381, 1079, 462]"
fake_0093_3_local_recompression.jpg,1,local_recompression,"[160, 219, 303, 397]"
fake_0093_4_local_inconsistency.jpg,1,local_inconsistency,"[419, 1086, 652, 1274]"
real_0094.jpg,0,none,
fake_0094_0_recompression.jpg,1,recompression,"[0, 0, 1080, 2400]"
fake_0094_1_local_recompression.jpg,1,local_recompression,"[614, 1967, 785, 2118]"
fake_0094_2_splice.jpg,1,splice,"[653, 1195, 757, 1291]"
fake_0094_3_local_inconsistency.jpg,1,local_inconsistency,"[500, 1085, 728, 1204]"
fake_0094_4_text_overlay.jpg,1,text_overlay,"[456, 182, 704, 298]"
real_0095.jpg,0,none,
fake_0095_0_local_inconsistency.jpg,1,local_inconsistency,"[423, 931, 729, 1099]"
fake_0095_1_splice.jpg,1,splice,"[887, 1944, 1050, 2080]"
fake_0095_2_recompression.jpg,1,recompression,"[0, 0, 1080, 2400]"
fake_0095_3_local_recompression.jpg,1,local_recompression,"[529, 603, 644, 743]"
fake_0095_4_text_overlay.jpg,1,text_overlay,"[171, 867, 431, 992]"
real_0096.jpg,0,none,
fake_0096_0_recompression.jpg,1,recompression,"[0, 0, 1080, 2400]"
fake_0096_1_text_overlay.jpg,1,text_overlay,"[877, 1131, 1065, 1269]"
fake_0096_2_local_inconsistency.jpg,1,local_inconsistency,"[580, 410, 766, 499]"
fake_0096_3_splice.jpg,1,splice,"[352, 1683, 490, 1819]"
fake_0096_4_local_recompression.jpg,1,local_recompression,"[412, 589, 622, 681]"
real_0097.jpg,0,none,
fake_0097_0_splice.jpg,1,splice,"[381, 82, 604, 264]"
fake_0097_1_recompression.jpg,1,recompression,"[0, 0, 1080, 2400]"
fake_0097_2_text_overlay.jpg,1,text_overlay,"[307, 1814, 571, 1913]"
fake_0097_3_local_recompression.jpg,1,local_recompression,"[758, 1984, 911, 2154]"
fake_0097_4_local_inconsistency.jpg,1,local_inconsistency,"[527, 651, 876, 821]"
real_0098.jpg,0,none,
fake_0098_0_local_recompression.jpg,1,local_recompression,"[467, 207, 755, 308]"
fake_0098_1_splice.jpg,1,splice,"[843, 1901, 1058, 2005]"
fake_0098_2_recompression.jpg,1,recompression,"[0, 0, 1080, 2400]"
fake_0098_3_local_inconsistency.jpg,1,local_inconsistency,"[456, 727, 670, 857]"
fake_0098_4_text_overlay.jpg,1,text_overlay,"[264, 370, 413, 542]"
real_0099.jpg,0,none,
fake_0099_0_local_recompression.jpg,1,local_recompression,"[20, 36, 186, 157]"
fake_0099_1_text_overlay.jpg,1,text_overlay,"[615, 34, 868, 183]"
fake_0099_2_splice.jpg,1,splice,"[258, 893, 413, 1006]"
fake_0099_3_local_inconsistency.jpg,1,local_inconsistency,"[104, 30, 444, 149]"
fake_0099_4_recompression.jpg,1,recompression,"[0, 0, 1080, 2400]"
real_0100.jpg,0,none,
fake_0100_0_local_recompression.jpg,1,local_recompression,"[655, 1331, 776, 1521]"
fake_0100_1_local_inconsistency.jpg,1,local_inconsistency,"[667, 1223, 885, 1380]"
fake_0100_2_text_overlay.jpg,1,text_overlay,"[829, 1655, 925, 1829]"
fake_0100_3_splice.jpg,1,splice,"[428, 1657, 697, 1760]"
fake_0100_4_recompression.jpg,1,recompression,"[0, 0, 1080, 2400]"
real_0101.jpg,0,none,
fake_0101_0_local_recompression.jpg,1,local_recompression,"[571, 741, 861, 913]"
fake_0101_1_recompression.jpg,1,recompression,"[0, 0, 1080, 2400]"
fake_0101_2_local_inconsistency.jpg,1,local_inconsistency,"[572, 749, 894, 908]"
fake_0101_3_text_overlay.jpg,1,text_overlay,"[892, 1257, 1019, 1355]"
fake_0101_4_splice.jpg,1,splice,"[54, 291, 225, 377]"
real_0102.jpg,0,none,
fake_0102_0_recompression.jpg,1,recompression,"[0, 0, 1080, 2400]"
fake_0102_1_local_inconsistency.jpg,1,local_inconsistency,"[468, 586, 718, 726]"
fake_0102_2_text_overlay.jpg,1,text_overlay,"[181, 1283, 356, 1430]"
fake_0102_3_splice.jpg,1,splice,"[782, 648, 1008, 740]"
fake_0102_4_local_recompression.jpg,1,local_recompression,"[439, 1955, 640, 2078]"
real_0103.jpg,0,none,
fake_0103_0_splice.jpg,1,splice,"[775, 2175, 1035, 2354]"
fake_0103_1_local_recompression.jpg,1,local_recompression,"[710, 1410, 953, 1511]"
fake_0103_2_local_inconsistency.jpg,1,local_inconsistency,"[602, 1253, 791, 1371]"
fake_0103_3_recompression.jpg,1,recompression,"[0, 0, 1080, 2400]"
fake_0103_4_text_overlay.jpg,1,text_overlay,"[703, 548, 885, 672]"
real_0104.jpg,0,none,
fake_0104_0_recompression.jpg,1,recompression,"[0, 0, 1080, 2400]"
fake_0104_1_splice.jpg,1,splice,"[728, 153, 907, 239]"
fake_0104_2_local_recompression.jpg,1,local_recompression,"[49, 442, 291, 585]"
fake_0104_3_local_inconsistency.jpg,1,local_inconsistency,"[454, 1557, 626, 1642]"
fake_0104_4_text_overlay.jpg,1,text_overlay,"[9, 1233, 133, 1387]"
real_0105.jpg,0,none,
fake_0105_0_text_overlay.jpg,1,text_overlay,"[203, 818, 310, 902]"
fake_0105_1_recompression.jpg,1,recompression,"[0, 0, 1080, 2400]"
fake_0105_2_splice.jpg,1,splice,"[492, 1354, 669, 1450]"
fake_0105_3_local_inconsistency.jpg,1,local_inconsistency,"[587, 2023, 768, 2108]"
fake_0105_4_local_recompression.jpg,1,local_recompression,"[262, 946, 526, 1030]"
real_0106.jpg,0,none,
fake_0106_0_local_inconsistency.jpg,1,local_inconsistency,"[297, 1475, 634, 1651]"
fake_0106_1_local_recompression.jpg,1,local_recompression,"[46, 39, 174, 201]"
fake_0106_2_text_overlay.jpg,1,text_overlay,"[366, 1792, 574, 1884]"
fake_0106_3_splice.jpg,1,splice,"[467, 1113, 586, 1233]"
fake_0106_4_recompression.jpg,1,recompression,"[0, 0, 1080, 2400]"
real_0107.jpg,0,none,
fake_0107_0_splice.jpg,1,splice,"[494, 1794, 599, 1975]"
fake_0107_1_text_overlay.jpg,1,text_overlay,"[858, 535, 1056, 710]"
fake_0107_2_local_inconsistency.jpg,1,local_inconsistency,"[12, 2149, 187, 2299]"
fake_0107_3_local_recompression.jpg,1,local_recompression,"[346, 2126, 665, 2278]"
fake_0107_4_recompression.jpg,1,recompression,"[0, 0, 1080, 2400]"
real_0108.jpg,0,none,
fake_0108_0_text_overlay.jpg,1,text_overlay,"[627, 223, 867, 362]"
fake_0108_1_recompression.jpg,1,recompression,"[0, 0, 1080, 2400]"
fake_0108_2_local_recompression.jpg,1,local_recompression,"[284, 206, 461, 317]"
fake_0108_3_local_inconsistency.jpg,1,local_inconsistency,"[412, 962, 622, 1111]"
fake_0108_4_splice.jpg,1,splice,"[323, 486, 425, 617]"
real_0109.jpg,0,none,
fake_0109_0_recompression.jpg,1,recompression,"[0, 0, 1080, 2400]"
fake_0109_1_splice.jpg,1,splice,"[467, 1396, 656, 1546]"
fake_0109_2_local_inconsistency.jpg,1,local_inconsistency,"[634, 1937, 978, 2048]"
fake_0109_3_local_recompression.jpg,1,local_recompression,"[2, 1398, 131, 1549]"
fake_0109_4_text_overlay.jpg,1,text_overlay,"[298, 2138, 536, 2325]"
real_0110.jpg,0,none,
fake_0110_0_recompression.jpg,1,recompression,"[0, 0, 1080, 2400]"
fake_0110_1_splice.jpg,1,splice,"[733, 1384, 903, 1549]"
fake_0110_2_text_overlay.jpg,1,text_overlay,"[126, 1845, 328, 1997]"
fake_0110_3_local_recompression.jpg,1,local_recompression,"[443, 1978, 710, 2116]"
fake_0110_4_local_inconsistency.jpg,1,local_inconsistency,"[708, 711, 1038, 892]"
real_0111.jpg,0,none,
fake_0111_0_local_recompression.jpg,1,local_recompression,"[254, 1120, 573, 1301]"
fake_0111_1_local_inconsistency.jpg,1,local_inconsistency,"[463, 546, 833, 734]"
fake_0111_2_recompression.jpg,1,recompression,"[0, 0, 1080, 2400]"
fake_0111_3_text_overlay.jpg,1,text_overlay,"[647, 890, 864, 1074]"
fake_0111_4_splice.jpg,1,splice,"[182, 2063, 292, 2220]"
real_0112.jpg,0,none,
fake_0112_0_local_inconsistency.jpg,1,local_inconsistency,"[13, 2141, 364, 2263]"
fake_0112_1_recompression.jpg,1,recompression,"[0, 0, 1080, 2400]"
fake_0112_2_local_recompression.jpg,1,local_recompression,"[293, 1026, 563, 1117]"
fake_0112_3_text_overlay.jpg,1,text_overlay,"[302, 835, 542, 989]"
fake_0112_4_splice.jpg,1,splice,"[229, 1592, 474, 1752]"
real_0113.jpg,0,none,
fake_0113_0_local_inconsistency.jpg,1,local_inconsistency,"[320, 220, 688, 409]"
fake_0113_1_splice.jpg,1,splice,"[849, 923, 1078, 1099]"
fake_0113_2_text_overlay.jpg,1,text_overlay,"[794, 792, 980, 936]"
fake_0113_3_local_recompression.jpg,1,local_recompression,"[386, 166, 531, 299]"
fake_0113_4_recompression.jpg,1,recompression,"[0, 0, 1080, 2400]"
real_0114.jpg,0,none,
fake_0114_0_text_overlay.jpg,1,text_overlay,"[157, 1321, 373, 1411]"
fake_0114_1_local_inconsistency.jpg,1,local_inconsistency,"[724, 1301, 1004, 1381]"
fake_0114_2_splice.jpg,1,splice,"[556, 2199, 786, 2290]"
fake_0114_3_local_recompression.jpg,1,local_recompression,"[339, 1477, 637, 1628]"
fake_0114_4_recompression.jpg,1,recompression,"[0, 0, 1080, 2400]"
real_0115.jpg,0,none,
fake_0115_0_recompression.jpg,1,recompression,"[0, 0, 1080, 2400]"
fake_0115_1_splice.jpg,1,splice,"[40, 1314, 295, 1415]"
fake_0115_2_local_recompression.jpg,1,local_recompression,"[529, 1535, 753, 1640]"
fake_0115_3_text_overlay.jpg,1,text_overlay,"[44, 1214, 277, 1339]"
fake_0115_4_local_inconsistency.jpg,1,local_inconsistency,"[791, 2203, 973, 2391]"
real_0116.jpg,0,none,
fake_0116_0_text_overlay.jpg,1,text_overlay,"[764, 629, 969, 813]"
fake_0116_1_recompression.jpg,1,recompression,"[0, 0, 1080, 2400]"
fake_0116_2_splice.jpg,1,splice,"[233, 1059, 421, 1199]"
fake_0116_3_local_inconsistency.jpg,1,local_inconsistency,"[398, 484, 647, 593]"
fake_0116_4_local_recompression.jpg,1,local_recompression,"[717, 297, 988, 439]"
real_0117.jpg,0,none,
fake_0117_0_local_recompression.jpg,1,local_recompression,"[390, 1618, 558, 1801]"
fake_0117_1_splice.jpg,1,splice,"[139, 1601, 312, 1737]"
fake_0117_2_text_overlay.jpg,1,text_overlay,"[814, 1528, 1016, 1635]"
fake_0117_3_local_inconsistency.jpg,1,local_inconsistency,"[560, 348, 845, 467]"
fake_0117_4_recompression.jpg,1,recompression,"[0, 0, 1080, 2400]"
real_0118.jpg,0,none,
fake_0118_0_local_recompression.jpg,1,local_recompression,"[117, 742, 358, 844]"
fake_0118_1_text_overlay.jpg,1,text_overlay,"[562, 1889, 804, 2072]"
fake_0118_2_splice.jpg,1,splice,"[594, 1995, 726, 2090]"
fake_0118_3_local_inconsistency.jpg,1,local_inconsistency,"[634, 285, 937, 369]"
fake_0118_4_recompression.jpg,1,recompression,"[0, 0, 1080, 2400]"
real_0119.jpg,0,none,
fake_0119_0_text_overlay.jpg,1,text_overlay,"[226, 1786, 313, 1887]"
fake_0119_1_local_inconsistency.jpg,1,local_inconsistency,"[312, 1994, 573, 2109]"
fake_0119_2_local_recompression.jpg,1,local_recompression,"[143, 2206, 432, 2381]"
fake_0119_3_recompression.jpg,1,recompression,"[0, 0, 1080, 2400]"
fake_0119_4_splice.jpg,1,splice,"[646, 127, 896, 300]"
real_0120.jpg,0,none,
fake_0120_0_text_overlay.jpg,1,text_overlay,"[401, 914, 607, 1003]"
fake_0120_1_splice.jpg,1,splice,"[10, 978, 113, 1093]"
fake_0120_2_local_inconsistency.jpg,1,local_inconsistency,"[579, 598, 771, 689]"
fake_0120_3_local_recompression.jpg,1,local_recompression,"[64, 1082, 219, 1212]"
fake_0120_4_recompression.jpg,1,recompression,"[0, 0, 1080, 2400]"
real_0121.jpg,0,none,
fake_0121_0_text_overlay.jpg,1,text_overlay,"[664, 1327, 912, 1403]"
fake_0121_1_local_inconsistency.jpg,1,local_inconsistency,"[387, 1496, 672, 1613]"
fake_0121_2_local_recompression.jpg,1,local_recompression,"[228, 2115, 390, 2303]"
fake_0121_3_recompression.jpg,1,recompression,"[0, 0, 1080, 2400]"
fake_0121_4_splice.jpg,1,splice,"[142, 1801, 391, 1873]"
real_0122.jpg,0,none,
fake_0122_0_local_inconsistency.jpg,1,local_inconsistency,"[121, 943, 361, 1101]"
fake_0122_1_text_overlay.jpg,1,text_overlay,"[604, 660, 814, 789]"
fake_0122_2_splice.jpg,1,splice,"[644, 2099, 835, 2190]"
fake_0122_3_local_recompression.jpg,1,local_recompression,"[415, 76, 578, 169]"
fake_0122_4_recompression.jpg,1,recompression,"[0, 0, 1080, 2400]"
real_0123.jpg,0,none,
fake_0123_0_local_recompression.jpg,1,local_recompression,"[186, 1276, 377, 1372]"
fake_0123_1_recompression.jpg,1,recompression,"[0, 0, 720, 1600]"
fake_0123_2_text_overlay.jpg,1,text_overlay,"[70, 470, 240, 565]"
fake_0123_3_splice.jpg,1,splice,"[429, 306, 550, 426]"
fake_0123_4_local_inconsistency.jpg,1,local_inconsistency,"[515, 1540, 711, 1591]"
real_0124.jpg,0,none,
fake_0124_0_local_recompression.jpg,1,local_recompression,"[542, 878, 667, 929]"
fake_0124_1_splice.jpg,1,splice,"[390, 717, 562, 803]"
fake_0124_2_local_inconsistency.jpg,1,local_inconsistency,"[85, 580, 261, 646]"
fake_0124_3_text_overlay.jpg,1,text_overlay,"[7, 1183, 65, 1290]"
fake_0124_4_recompression.jpg,1,recompression,"[0, 0, 720, 1600]"
real_0125.jpg,0,none,
fake_0125_0_recompression.jpg,1,recompression,"[0, 0, 720, 1600]"
fake_0125_1_local_inconsistency.jpg,1,local_inconsistency,"[282, 1393, 450, 1470]"
fake_0125_2_splice.jpg,1,splice,"[572, 1136, 697, 1198]"
fake_0125_3_local_recompression.jpg,1,local_recompression,"[407, 282, 562, 391]"
fake_0125_4_text_overlay.jpg,1,text_overlay,"[165, 205, 314, 288]"
real_0126.jpg,0,none,
fake_0126_0_local_recompression.jpg,1,local_recompression,"[482, 1229, 669, 1342]"
fake_0126_1_splice.jpg,1,splice,"[379, 163, 447, 232]"
fake_0126_2_recompression.jpg,1,recompression,"[0, 0, 720, 1600]"
fake_0126_3_text_overlay.jpg,1,text_overlay,"[58, 358, 150, 483]"
fake_0126_4_local_inconsistency.jpg,1,local_inconsistency,"[292, 398, 494, 510]"
real_0127.jpg,0,none,
fake_0127_0_text_overlay.jpg,1,text_overlay,"[161, 177, 247, 225]"
fake_0127_1_local_recompression.jpg,1,local_recompression,"[70, 184, 170, 233]"
fake_0127_2_local_inconsistency.jpg,1,local_inconsistency,"[356, 711, 504, 825]"
fake_0127_3_splice.jpg,1,splice,"[588, 9, 669, 131]"
fake_0127_4_recompression.jpg,1,recompression,"[0, 0, 720, 1600]"
real_0128.jpg,0,none,
fake_0128_0_local_recompression.jpg,1,local_recompression,"[256, 1421, 454, 1534]"
fake_0128_1_local_inconsistency.jpg,1,local_inconsistency,"[394, 498, 641, 591]"
fake_0128_2_text_overlay.jpg,1,text_overlay,"[28, 987, 141, 1081]"
fake_0128_3_splice.jpg,1,splice,"[235, 646, 414, 748]"
fake_0128_4_recompression.jpg,1,recompression,"[0, 0, 720, 1600]"
real_0129.jpg,0,none,
fake_0129_0_text_overlay.jpg,1,text_overlay,"[487, 642, 553, 764]"
fake_0129_1_local_inconsistency.jpg,1,local_inconsistency,"[510, 408, 716, 528]"
fake_0129_2_splice.jpg,1,splice,"[633, 729, 718, 843]"
fake_0129_3_local_recompression.jpg,1,local_recompression,"[504, 1257, 587, 1381]"
fake_0129_4_recompression.jpg,1,recompression,"[0, 0, 720, 1600]"
real_0130.jpg,0,none,
fake_0130_0_local_inconsistency.jpg,1,local_inconsistency,"[523, 573, 657, 682]"
fake_0130_1_recompression.jpg,1,recompression,"[0, 0, 720, 1600]"
fake_0130_2_local_recompression.jpg,1,local_recompression,"[178, 936, 322, 1015]"
fake_0130_3_text_overlay.jpg,1,text_overlay,"[8, 24, 151, 108]"
fake_0130_4_splice.jpg,1,splice,"[561, 538, 693, 606]"
real_0131.jpg,0,none,
fake_0131_0_local_recompression.jpg,1,local_recompression,"[381, 747, 514, 828]"
fake_0131_1_local_inconsistency.jpg,1,local_inconsistency,"[134, 1179, 282, 1241]"
fake_0131_2_text_overlay.jpg,1,text_overlay,"[390, 401, 546, 493]"
fake_0131_3_splice.jpg,1,splice,"[529, 1093, 647, 1220]"
fake_0131_4_recompression.jpg,1,recompression,"[0, 0, 720, 1600]"
real_0132.jpg,0,none,
fake_0132_0_text_overlay.jpg,1,text_overlay,"[342, 532, 502, 587]"
fake_0132_1_splice.jpg,1,splice,"[620, 407, 692, 524]"
fake_0132_2_recompression.jpg,1,recompression,"[0, 0, 720, 1600]"
fake_0132_3_local_recompression.jpg,1,local_recompression,"[457, 160, 625, 246]"
fake_0132_4_local_inconsistency.jpg,1,local_inconsistency,"[148, 343, 344, 428]"
real_0133.jpg,0,none,
fake_0133_0_local_recompression.jpg,1,local_recompression,"[298, 1454, 419, 1527]"
fake_0133_1_recompression.jpg,1,recompression,"[0, 0, 720, 1600]"
fake_0133_2_splice.jpg,1,splice,"[533, 922, 686, 1045]"
fake_0133_3_local_inconsistency.jpg,1,local_inconsistency,"[257, 1435, 368, 1541]"
fake_0133_4_text_overlay.jpg,1,text_overlay,"[484, 1123, 553, 1245]"
real_0134.jpg,0,none,
fake_0134_0_splice.jpg,1,splice,"[316, 469, 453, 587]"
fake_0134_1_local_recompression.jpg,1,local_recompression,"[35, 1358, 182, 1419]"
fake_0134_2_text_overlay.jpg,1,text_overlay,"[487, 956, 649, 1030]"
fake_0134_3_recompression.jpg,1,recompression,"[0, 0, 720, 1600]"
fake_0134_4_local_inconsistency.jpg,1,local_inconsistency,"[445, 1072, 618, 1179]"
real_0135.jpg,0,none,
fake_0135_0_recompression.jpg,1,recompression,"[0, 0, 720, 1600]"
fake_0135_1_text_overlay.jpg,1,text_overlay,"[139, 704, 233, 752]"
fake_0135_2_splice.jpg,1,splice,"[306, 18, 423, 126]"
fake_0135_3_local_recompression.jpg,1,local_recompression,"[193, 843, 379, 934]"
fake_0135_4_local_inconsistency.jpg,1,local_inconsistency,"[399, 774, 569, 841]"
real_0136.jpg,0,none,
fake_0136_0_local_recompression.jpg,1,local_recompression,"[139, 593, 238, 646]"
fake_0136_1_local_inconsistency.jpg,1,local_inconsistency,"[278, 1434, 477, 1531]"
fake_0136_2_text_overlay.jpg,1,text_overlay,"[190, 209, 253, 299]"
fake_0136_3_recompression.jpg,1,recompression,"[0, 0, 720, 1600]"
fake_0136_4_splice.jpg,1,splice,"[430, 638, 489, 703]"
real_0137.jpg,0,none,
fake_0137_0_splice.jpg,1,splice,"[556, 962, 646, 1041]"
fake_0137_1_local_inconsistency.jpg,1,local_inconsistency,"[12, 249, 156, 327]"
fake_0137_2_local_recompression.jpg,1,local_recompression,"[17, 407, 229, 474]"
fake_0137_3_recompression.jpg,1,recompression,"[0, 0, 720, 1600]"
fake_0137_4_text_overlay.jpg,1,text_overlay,"[319, 661, 434, 763]"
real_0138.jpg,0,none,
fake_0138_0_recompression.jpg,1,recompression,"[0, 0, 720, 1600]"
fake_0138_1_local_inconsistency.jpg,1,local_inconsistency,"[282, 1197, 452, 1246]"
fake_0138_2_splice.jpg,1,splice,"[486, 1409, 548, 1519]"
fake_0138_3_text_overlay.jpg,1,text_overlay,"[93, 1404, 161, 1464]"
fake_0138_4_local_recompression.jpg,1,local_recompression,"[109, 257, 203, 347]"
real_0139.jpg,0,none,
fake_0139_0_text_overlay.jpg,1,text_overlay,"[386, 733, 533, 782]"
fake_0139_1_local_inconsistency.jpg,1,local_inconsistency,"[501, 388, 672, 459]"
fake_0139_2_recompression.jpg,1,recompression,"[0, 0, 720, 1600]"
fake_0139_3_local_recompression.jpg,1,local_recompression,"[460, 605, 555, 695]"
fake_0139_4_splice.jpg,1,splice,"[518, 776, 641, 860]"
real_0140.jpg,0,none,
fake_0140_0_local_inconsistency.jpg,1,local_inconsistency,"[564, 315, 699, 417]"
fake_0140_1_text_overlay.jpg,1,text_overlay,"[68, 89, 139, 178]"
fake_0140_2_recompression.jpg,1,recompression,"[0, 0, 720, 1600]"
fake_0140_3_splice.jpg,1,splice,"[501, 1076, 628, 1190]"
fake_0140_4_local_recompression.jpg,1,local_recompression,"[213, 1342, 372, 1395]"
real_0141.jpg,0,none,
fake_0141_0_splice.jpg,1,splice,"[425, 755, 550, 878]"
fake_0141_1_recompression.jpg,1,recompression,"[0, 0, 720, 1600]"
fake_0141_2_local_inconsistency.jpg,1,local_inconsistency,"[531, 198, 650, 263]"
fake_0141_3_local_recompression.jpg,1,local_recompression,"[583, 1280, 682, 1380]"
fake_0141_4_text_overlay.jpg,1,text_overlay,"[108, 1307, 233, 1399]"
real_0142.jpg,0,none,
fake_0142_0_text_overlay.jpg,1,text_overlay,"[453, 721, 591, 811]"
fake_0142_1_local_recompression.jpg,1,local_recompression,"[331, 1246, 494, 1360]"
fake_0142_2_local_inconsistency.jpg,1,local_inconsistency,"[260, 737, 449, 802]"
fake_0142_3_recompression.jpg,1,recompression,"[0, 0, 720, 1600]"
fake_0142_4_splice.jpg,1,splice,"[309, 13, 429, 140]"
real_0143.jpg,0,none,
fake_0143_0_local_inconsistency.jpg,1,local_inconsistency,"[159, 283, 280, 367]"
fake_0143_1_splice.jpg,1,splice,"[584, 818, 672, 890]"
fake_0143_2_local_recompression.jpg,1,local_recompression,"[177, 999, 353, 1110]"
fake_0143_3_text_overlay.jpg,1,text_overlay,"[390, 160, 520, 232]"
fake_0143_4_recompression.jpg,1,recompression,"[0, 0, 720, 1600]"
real_0144.jpg,0,none,
fake_0144_0_local_recompression.jpg,1,local_recompression,"[552, 1156, 667, 1207]"
fake_0144_1_splice.jpg,1,splice,"[156, 103, 253, 206]"
fake_0144_2_local_inconsistency.jpg,1,local_inconsistency,"[442, 593, 632, 648]"
fake_0144_3_text_overlay.jpg,1,text_overlay,"[561, 817, 676, 924]"
fake_0144_4_recompression.jpg,1,recompression,"[0, 0, 720, 1600]"
real_0145.jpg,0,none,
fake_0145_0_text_overlay.jpg,1,text_overlay,"[440, 662, 527, 731]"
fake_0145_1_recompression.jpg,1,recompression,"[0, 0, 720, 1600]"
fake_0145_2_local_recompression.jpg,1,local_recompression,"[312, 346, 469, 395]"
fake_0145_3_splice.jpg,1,splice,"[452, 1276, 585, 1403]"
fake_0145_4_local_inconsistency.jpg,1,local_inconsistency,"[191, 319, 416, 382]"
real_0146.jpg,0,none,
fake_0146_0_splice.jpg,1,splice,"[113, 624, 172, 727]"
fake_0146_1_text_overlay.jpg,1,text_overlay,"[208, 1119, 291, 1210]"
fake_0146_2_local_inconsistency.jpg,1,local_inconsistency,"[342, 37, 592, 140]"
fake_0146_3_local_recompression.jpg,1,local_recompression,"[205, 1426, 313, 1478]"
fake_0146_4_recompression.jpg,1,recompression,"[0, 0, 720, 1600]"
real_0147.jpg,0,none,
fake_0147_0_splice.jpg,1,splice,"[395, 473, 558, 522]"
fake_0147_1_local_recompression.jpg,1,local_recompression,"[611, 1088, 697, 1161]"
fake_0147_2_text_overlay.jpg,1,text_overlay,"[468, 1148, 548, 1236]"
fake_0147_3_local_inconsistency.jpg,1,local_inconsistency,"[160, 37, 311, 124]"
fake_0147_4_recompression.jpg,1,recompression,"[0, 0, 720, 1600]"
real_0148.jpg,0,none,
fake_0148_0_splice.jpg,1,splice,"[402, 1345, 487, 1420]"
fake_0148_1_local_inconsistency.jpg,1,local_inconsistency,"[232, 854, 414, 956]"
fake_0148_2_text_overlay.jpg,1,text_overlay,"[134, 423, 302, 497]"
fake_0148_3_local_recompression.jpg,1,local_recompression,"[536, 276, 652, 380]"
fake_0148_4_recompression.jpg,1,recompression,"[0, 0, 720, 1600]"
real_0149.jpg,0,none,
fake_0149_0_text_overlay.jpg,1,text_overlay,"[30, 652, 126, 770]"
fake_0149_1_local_inconsistency.jpg,1,local_inconsistency,"[378, 560, 604, 658]"
fake_0149_2_splice.jpg,1,splice,"[631, 546, 691, 672]"
fake_0149_3_recompression.jpg,1,recompression,"[0, 0, 720, 1600]"
fake_0149_4_local_recompression.jpg,1,local_recompression,"[488, 274, 611, 377]"
real_0150.jpg,0,none,
fake_0150_0_local_recompression.jpg,1,local_recompression,"[140, 335, 334, 422]"
fake_0150_1_recompression.jpg,1,recompression,"[0, 0, 720, 1600]"
fake_0150_2_local_inconsistency.jpg,1,local_inconsistency,"[138, 845, 356, 894]"
fake_0150_3_text_overlay.jpg,1,text_overlay,"[449, 1263, 531, 1325]"
fake_0150_4_splice.jpg,1,splice,"[389, 1474, 541, 1570]"
real_0151.jpg,0,none,
fake_0151_0_local_recompression.jpg,1,local_recompression,"[251, 1062, 388, 1180]"
fake_0151_1_splice.jpg,1,splice,"[571, 793, 677, 899]"
fake_0151_2_local_inconsistency.jpg,1,local_inconsistency,"[311, 585, 446, 668]"
fake_0151_3_recompression.jpg,1,recompression,"[0, 0, 720, 1600]"
fake_0151_4_text_overlay.jpg,1,text_overlay,"[462, 185, 630, 270]"
real_0152.jpg,0,none,
fake_0152_0_local_recompression.jpg,1,local_recompression,"[206, 931, 342, 993]"
fake_0152_1_text_overlay.jpg,1,text_overlay,"[167, 1471, 255, 1574]"
fake_0152_2_recompression.jpg,1,recompression,"[0, 0, 720, 1600]"
fake_0152_3_local_inconsistency.jpg,1,local_inconsistency,"[523, 1253, 686, 1364]"
fake_0152_4_splice.jpg,1,splice,"[153, 332, 304, 452]"
real_0153.jpg,0,none,
fake_0153_0_recompression.jpg,1,recompression,"[0, 0, 720, 1600]"
fake_0153_1_local_inconsistency.jpg,1,local_inconsistency,"[469, 1019, 666, 1087]"
fake_0153_2_local_recompression.jpg,1,local_recompression,"[487, 929, 686, 996]"
fake_0153_3_splice.jpg,1,splice,"[6, 501, 117, 597]"
fake_0153_4_text_overlay.jpg,1,text_overlay,"[50, 378, 175, 492]"
real_0154.jpg,0,none,
fake_0154_0_splice.jpg,1,splice,"[165, 1376, 235, 1503]"
fake_0154_1_local_inconsistency.jpg,1,local_inconsistency,"[181, 932, 389, 1025]"
fake_0154_2_text_overlay.jpg,1,text_overlay,"[388, 138, 539, 211]"
fake_0154_3_local_recompression.jpg,1,local_recompression,"[337, 1079, 426, 1195]"
fake_0154_4_recompression.jpg,1,recompression,"[0, 0, 720, 1600]"
real_0155.jpg,0,none,
fake_0155_0_splice.jpg,1,splice,"[294, 874, 440, 970]"
fake_0155_1_local_recompression.jpg,1,local_recompression,"[66, 1258, 281, 1334]"
fake_0155_2_local_inconsistency.jpg,1,local_inconsistency,"[504, 368, 686, 466]"
fake_0155_3_recompression.jpg,1,recompression,"[0, 0, 720, 1600]"
fake_0155_4_text_overlay.jpg,1,text_overlay,"[120, 424, 180, 522]"
real_0156.jpg,0,none,
fake_0156_0_local_recompression.jpg,1,local_recompression,"[307, 1037, 415, 1090]"
fake_0156_1_text_overlay.jpg,1,text_overlay,"[341, 699, 438, 747]"
fake_0156_2_splice.jpg,1,splice,"[485, 72, 583, 173]"
fake_0156_3_local_inconsistency.jpg,1,local_inconsistency,"[343, 947, 517, 1064]"
fake_0156_4_recompression.jpg,1,recompression,"[0, 0, 720, 1600]"
real_0157.jpg,0,none,
fake_0157_0_local_recompression.jpg,1,local_recompression,"[31, 694, 112, 753]"
fake_0157_1_splice.jpg,1,splice,"[584, 1240, 718, 1355]"
fake_0157_2_recompression.jpg,1,recompression,"[0, 0, 720, 1600]"
fake_0157_3_text_overlay.jpg,1,text_overlay,"[508, 486, 569, 567]"
fake_0157_4_local_inconsistency.jpg,1,local_inconsistency,"[38, 413, 171, 490]"
real_0158.jpg,0,none,
fake_0158_0_recompression.jpg,1,recompression,"[0, 0, 720, 1600]"
fake_0158_1_text_overlay.jpg,1,text_overlay,"[528, 1385, 679, 1440]"
fake_0158_2_splice.jpg,1,splice,"[318, 90, 481, 147]"
fake_0158_3_local_recompression.jpg,1,local_recompression,"[319, 46, 397, 135]"
fake_0158_4_local_inconsistency.jpg,1,local_inconsistency,"[205, 394, 404, 458]"
real_0159.jpg,0,none,
fake_0159_0_splice.jpg,1,splice,"[573, 1052, 644, 1176]"
fake_0159_1_local_inconsistency.jpg,1,local_inconsistency,"[290, 1175, 477, 1244]"
fake_0159_2_local_recompression.jpg,1,local_recompression,"[133, 59, 253, 142]"
fake_0159_3_recompression.jpg,1,recompression,"[0, 0, 720, 1600]"
fake_0159_4_text_overlay.jpg,1,text_overlay,"[610, 1213, 678, 1292]"
real_0160.jpg,0,none,
fake_0160_0_text_overlay.jpg,1,text_overlay,"[479, 199, 636, 320]"
fake_0160_1_splice.jpg,1,splice,"[631, 528, 715, 644]"
fake_0160_2_local_recompression.jpg,1,local_recompression,"[332, 928, 536, 1002]"
fake_0160_3_recompression.jpg,1,recompression,"[0, 0, 720, 1600]"
fake_0160_4_local_inconsistency.jpg,1,local_inconsistency,"[174, 578, 298, 664]"
real_0161.jpg,0,none,
fake_0161_0_splice.jpg,1,splice,"[309, 1091, 434, 1144]"
fake_0161_1_recompression.jpg,1,recompression,"[0, 0, 720, 1600]"
fake_0161_2_local_inconsistency.jpg,1,local_inconsistency,"[393, 135, 579, 260]"
fake_0161_3_local_recompression.jpg,1,local_recompression,"[350, 1115, 534, 1197]"
fake_0161_4_text_overlay.jpg,1,text_overlay,"[587, 996, 665, 1097]"
real_0162.jpg,0,none,
fake_0162_0_text_overlay.jpg,1,text_overlay,"[388, 670, 529, 765]"
fake_0162_1_local_inconsistency.jpg,1,local_inconsistency,"[325, 0, 560, 120]"
fake_0162_2_local_recompression.jpg,1,local_recompression,"[457, 400, 570, 497]"
fake_0162_3_splice.jpg,1,splice,"[311, 890, 452, 963]"
fake_0162_4_recompression.jpg,1,recompression,"[0, 0, 720, 1600]"
real_0163.jpg,0,none,
fake_0163_0_splice.jpg,1,splice,"[367, 224, 510, 337]"
fake_0163_1_local_inconsistency.jpg,1,local_inconsistency,"[162, 1457, 371, 1536]"
fake_0163_2_recompression.jpg,1,recompression,"[0, 0, 720, 1600]"
fake_0163_3_local_recompression.jpg,1,local_recompression,"[368, 854, 519, 969]"
fake_0163_4_text_overlay.jpg,1,text_overlay,"[128, 275, 220, 392]"
real_0164.jpg,0,none,
fake_0164_0_recompression.jpg,1,recompression,"[0, 0, 720, 1600]"
fake_0164_1_local_recompression.jpg,1,local_recompression,"[465, 1043, 670, 1140]"
fake_0164_2_splice.jpg,1,splice,"[363, 462, 488, 546]"
fake_0164_3_local_inconsistency.jpg,1,local_inconsistency,"[242, 1458, 433, 1573]"
fake_0164_4_text_overlay.jpg,1,text_overlay,"[581, 989, 683, 1115]"
real_0165.jpg,0,none,
fake_0165_0_splice.jpg,1,splice,"[90, 502, 210, 591]"
fake_0165_1_text_overlay.jpg,1,text_overlay,"[319, 1255, 494, 1309]"
fake_0165_2_local_inconsistency.jpg,1,local_inconsistency,"[339, 862, 520, 947]"
fake_0165_3_recompression.jpg,1,recompression,"[0, 0, 720, 1600]"
fake_0165_4_local_recompression.jpg,1,local_recompression,"[266, 125, 470, 232]"
real_0166.jpg,0,none,
fake_0166_0_local_recompression.jpg,1,local_recompression,"[293, 992, 481, 1089]"
fake_0166_1_text_overlay.jpg,1,text_overlay,"[284, 516, 357, 570]"
fake_0166_2_local_inconsistency.jpg,1,local_inconsistency,"[154, 1349, 278, 1410]"
fake_0166_3_splice.jpg,1,splice,"[540, 67, 683, 153]"
fake_0166_4_recompression.jpg,1,recompression,"[0, 0, 720, 1600]"
real_0167.jpg,0,none,
fake_0167_0_text_overlay.jpg,1,text_overlay,"[55, 1315, 183, 1430]"
fake_0167_1_recompression.jpg,1,recompression,"[0, 0, 720, 1600]"
fake_0167_2_local_inconsistency.jpg,1,local_inconsistency,"[399, 971, 540, 1073]"
fake_0167_3_splice.jpg,1,splice,"[391, 1389, 483, 1500]"
fake_0167_4_local_recompression.jpg,1,local_recompression,"[362, 884, 439, 1005]"
real_0168.jpg,0,none,
fake_0168_0_local_inconsistency.jpg,1,local_inconsistency,"[247, 1503, 449, 1582]"
fake_0168_1_local_recompression.jpg,1,local_recompression,"[320, 1121, 489, 1248]"
fake_0168_2_text_overlay.jpg,1,text_overlay,"[12, 842, 151, 956]"
fake_0168_3_splice.jpg,1,splice,"[34, 48, 180, 116]"
fake_0168_4_recompression.jpg,1,recompression,"[0, 0, 720, 1600]"
real_0169.jpg,0,none,
fake_0169_0_splice.jpg,1,splice,"[579, 378, 716, 497]"
fake_0169_1_local_recompression.jpg,1,local_recompression,"[77, 1308, 191, 1408]"
fake_0169_2_local_inconsistency.jpg,1,local_inconsistency,"[218, 1417, 458, 1487]"
fake_0169_3_recompression.jpg,1,recompression,"[0, 0, 720, 1600]"
fake_0169_4_text_overlay.jpg,1,text_overlay,"[340, 123, 492, 201]"
real_0170.jpg,0,none,
fake_0170_0_text_overlay.jpg,1,text_overlay,"[223, 1257, 298, 1366]"
fake_0170_1_recompression.jpg,1,recompression,"[0, 0, 720, 1600]"
fake_0170_2_splice.jpg,1,splice,"[19, 1019, 165, 1129]"
fake_0170_3_local_recompression.jpg,1,local_recompression,"[272, 310, 478, 411]"
fake_0170_4_local_inconsistency.jpg,1,local_inconsistency,"[263, 1449, 501, 1542]"
real_0171.jpg,0,none,
fake_0171_0_splice.jpg,1,splice,"[367, 1365, 475, 1501]"
fake_0171_1_text_overlay.jpg,1,text_overlay,"[92, 1496, 294, 1683]"
fake_0171_2_local_recompression.jpg,1,local_recompression,"[567, 161, 737, 257]"
fake_0171_3_recompression.jpg,1,recompression,"[0, 0, 1080, 2400]"
fake_0171_4_local_inconsistency.jpg,1,local_inconsistency,"[367, 1992, 722, 2139]"
real_0172.jpg,0,none,
fake_0172_0_text_overlay.jpg,1,text_overlay,"[553, 1260, 729, 1339]"
fake_0172_1_splice.jpg,1,splice,"[43, 1660, 139, 1826]"
fake_0172_2_recompression.jpg,1,recompression,"[0, 0, 1080, 2400]"
fake_0172_3_local_inconsistency.jpg,1,local_inconsistency,"[73, 151, 267, 292]"
fake_0172_4_local_recompression.jpg,1,local_recompression,"[248, 534, 551, 680]"
real_0173.jpg,0,none,
fake_0173_0_text_overlay.jpg,1,text_overlay,"[65, 217, 197, 331]"
fake_0173_1_splice.jpg,1,splice,"[411, 664, 520, 776]"
fake_0173_2_local_recompression.jpg,1,local_recompression,"[218, 93, 309, 207]"
fake_0173_3_recompression.jpg,1,recompression,"[0, 0, 720, 1600]"
fake_0173_4_local_inconsistency.jpg,1,local_inconsistency,"[378, 1133, 506, 1214]"
real_0174.jpg,0,none,
fake_0174_0_text_overlay.jpg,1,text_overlay,"[6, 14, 65, 100]"
fake_0174_1_splice.jpg,1,splice,"[129, 422, 283, 508]"
fake_0174_2_local_inconsistency.jpg,1,local_inconsistency,"[178, 1250, 350, 1317]"
fake_0174_3_local_recompression.jpg,1,local_recompression,"[308, 712, 468, 767]"
fake_0174_4_recompression.jpg,1,recompression,"[0, 0, 720, 1600]"
real_0175.jpg,0,none,
fake_0175_0_text_overlay.jpg,1,text_overlay,"[519, 449, 682, 575]"
fake_0175_1_splice.jpg,1,splice,"[485, 1018, 640, 1120]"
fake_0175_2_local_inconsistency.jpg,1,local_inconsistency,"[291, 429, 405, 528]"
fake_0175_3_recompression.jpg,1,recompression,"[0, 0, 720, 1600]"
fake_0175_4_local_recompression.jpg,1,local_recompression,"[29, 993, 234, 1055]"
real_0176.jpg,0,none,
fake_0176_0_splice.jpg,1,splice,"[333, 471, 441, 578]"
fake_0176_1_local_recompression.jpg,1,local_recompression,"[204, 769, 310, 850]"
fake_0176_2_recompression.jpg,1,recompression,"[0, 0, 720, 1600]"
fake_0176_3_text_overlay.jpg,1,text_overlay,"[148, 442, 264, 561]"
fake_0176_4_local_inconsistency.jpg,1,local_inconsistency,"[367, 552, 540, 615]"
real_0177.jpg,0,none,
fake_0177_0_splice.jpg,1,splice,"[351, 450, 464, 511]"
fake_0177_1_local_inconsistency.jpg,1,local_inconsistency,"[463, 348, 685, 472]"
fake_0177_2_local_recompression.jpg,1,local_recompression,"[221, 1211, 352, 1300]"
fake_0177_3_recompression.jpg,1,recompression,"[0, 0, 720, 1600]"
fake_0177_4_text_overlay.jpg,1,text_overlay,"[335, 889, 482, 956]"
real_0178.jpg,0,none,
fake_0178_0_splice.jpg,1,splice,"[100, 926, 222, 1012]"
fake_0178_1_local_recompression.jpg,1,local_recompression,"[416, 446, 596, 549]"
fake_0178_2_text_overlay.jpg,1,text_overlay,"[92, 32, 193, 99]"
fake_0178_3_recompression.jpg,1,recompression,"[0, 0, 720, 1600]"
fake_0178_4_local_inconsistency.jpg,1,local_inconsistency,"[207, 378, 426, 495]"
real_0179.jpg,0,none,
fake_0179_0_splice.jpg,1,splice,"[555, 1178, 648, 1286]"
fake_0179_1_local_recompression.jpg,1,local_recompression,"[56, 1054, 254, 1160]"
fake_0179_2_text_overlay.jpg,1,text_overlay,"[374, 953, 540, 1009]"
fake_0179_3_local_inconsistency.jpg,1,local_inconsistency,"[209, 283, 397, 336]"
fake_0179_4_recompression.jpg,1,recompression,"[0, 0, 720, 1600]"
real_0180.jpg,0,none,
fake_0180_0_text_overlay.jpg,1,text_overlay,"[353, 926, 444, 979]"
fake_0180_1_local_inconsistency.jpg,1,local_inconsistency,"[299, 925, 483, 1039]"
fake_0180_2_local_recompression.jpg,1,local_recompression,"[67, 385, 255, 508]"
fake_0180_3_recompression.jpg,1,recompression,"[0, 0, 720, 1600]"
fake_0180_4_splice.jpg,1,splice,"[78, 223, 245, 294]"
real_0181.jpg,0,none,
fake_0181_0_text_overlay.jpg,1,text_overlay,"[554, 270, 647, 395]"
fake_0181_1_recompression.jpg,1,recompression,"[0, 0, 720, 1600]"
fake_0181_2_splice.jpg,1,splice,"[237, 1064, 302, 1181]"
fake_0181_3_local_inconsistency.jpg,1,local_inconsistency,"[497, 1215, 699, 1325]"
fake_0181_4_local_recompression.jpg,1,local_recompression,"[313, 351, 450, 444]"
real_0182.jpg,0,none,
fake_0182_0_text_overlay.jpg,1,text_overlay,"[170, 1266, 245, 1336]"
fake_0182_1_recompression.jpg,1,recompression,"[0, 0, 720, 1600]"
fake_0182_2_local_recompression.jpg,1,local_recompression,"[324, 1176, 430, 1227]"
fake_0182_3_local_inconsistency.jpg,1,local_inconsistency,"[210, 1151, 381, 1228]"
fake_0182_4_splice.jpg,1,splice,"[166, 1092, 241, 1175]"
real_0183.jpg,0,none,
fake_0183_0_recompression.jpg,1,recompression,"[0, 0, 720, 1600]"
fake_0183_1_local_recompression.jpg,1,local_recompression,"[361, 605, 573, 679]"
fake_0183_2_splice.jpg,1,splice,"[150, 1157, 317, 1282]"
fake_0183_3_text_overlay.jpg,1,text_overlay,"[142, 1388, 289, 1508]"
fake_0183_4_local_inconsistency.jpg,1,local_inconsistency,"[47, 668, 276, 751]"
real_0184.jpg,0,none,
fake_0184_0_text_overlay.jpg,1,text_overlay,"[89, 1048, 212, 1131]"
fake_0184_1_local_inconsistency.jpg,1,local_inconsistency,"[369, 814, 550, 866]"
fake_0184_2_splice.jpg,1,splice,"[359, 630, 462, 700]"
fake_0184_3_recompression.jpg,1,recompression,"[0, 0, 720, 1600]"
fake_0184_4_local_recompression.jpg,1,local_recompression,"[434, 1492, 529, 1598]"
real_0185.jpg,0,none,
fake_0185_0_text_overlay.jpg,1,text_overlay,"[343, 135, 458, 252]"
fake_0185_1_splice.jpg,1,splice,"[473, 1454, 642, 1535]"
fake_0185_2_recompression.jpg,1,recompression,"[0, 0, 720, 1600]"
fake_0185_3_local_inconsistency.jpg,1,local_inconsistency,"[599, 622, 713, 736]"
fake_0185_4_local_recompression.jpg,1,local_recompression,"[307, 1311, 492, 1371]"
real_0186.jpg,0,none,
fake_0186_0_splice.jpg,1,splice,"[29, 244, 197, 343]"
fake_0186_1_local_inconsistency.jpg,1,local_inconsistency,"[595, 984, 712, 1091]"
fake_0186_2_text_overlay.jpg,1,text_overlay,"[122, 764, 237, 867]"
fake_0186_3_local_recompression.jpg,1,local_recompression,"[138, 731, 231, 815]"
fake_0186_4_recompression.jpg,1,recompression,"[0, 0, 720, 1600]"
real_0187.jpg,0,none,
fake_0187_0_recompression.jpg,1,recompression,"[0, 0, 720, 1600]"
fake_0187_1_local_inconsistency.jpg,1,local_inconsistency,"[48, 1226, 266, 1288]"
fake_0187_2_splice.jpg,1,splice,"[308, 555, 466, 657]"
fake_0187_3_text_overlay.jpg,1,text_overlay,"[140, 1061, 240, 1120]"
fake_0187_4_local_recompression.jpg,1,local_recompression,"[158, 1030, 361, 1086]"
real_0188.jpg,0,none,
fake_0188_0_text_overlay.jpg,1,text_overlay,"[17, 982, 88, 1040]"
fake_0188_1_splice.jpg,1,splice,"[350, 352, 516, 447]"
fake_0188_2_local_recompression.jpg,1,local_recompression,"[145, 1409, 234, 1467]"
fake_0188_3_local_inconsistency.jpg,1,local_inconsistency,"[80, 870, 232, 934]"
fake_0188_4_recompression.jpg,1,recompression,"[0, 0, 720, 1600]"
real_0189.jpg,0,none,
fake_0189_0_splice.jpg,1,splice,"[67, 617, 139, 685]"
fake_0189_1_local_recompression.jpg,1,local_recompression,"[204, 378, 408, 442]"
fake_0189_2_local_inconsistency.jpg,1,local_inconsistency,"[284, 1187, 396, 1246]"
fake_0189_3_recompression.jpg,1,recompression,"[0, 0, 720, 1600]"
fake_0189_4_text_overlay.jpg,1,text_overlay,"[14, 1083, 79, 1196]"
real_0190.jpg,0,none,
fake_0190_0_local_recompression.jpg,1,local_recompression,"[486, 750, 690, 866]"
fake_0190_1_splice.jpg,1,splice,"[185, 726, 296, 850]"
fake_0190_2_local_inconsistency.jpg,1,local_inconsistency,"[321, 253, 461, 310]"
fake_0190_3_recompression.jpg,1,recompression,"[0, 0, 720, 1600]"
fake_0190_4_text_overlay.jpg,1,text_overlay,"[505, 236, 650, 290]"
real_0191.jpg,0,none,
fake_0191_0_recompression.jpg,1,recompression,"[0, 0, 720, 1600]"
fake_0191_1_text_overlay.jpg,1,text_overlay,"[13, 1380, 185, 1457]"
fake_0191_2_local_inconsistency.jpg,1,local_inconsistency,"[404, 820, 609, 877]"
fake_0191_3_local_recompression.jpg,1,local_recompression,"[372, 407, 572, 468]"
fake_0191_4_splice.jpg,1,splice,"[413, 251, 495, 366]"
real_0192.jpg,0,none,
fake_0192_0_local_inconsistency.jpg,1,local_inconsistency,"[414, 992, 590, 1088]"
fake_0192_1_local_recompression.jpg,1,local_recompression,"[236, 1286, 325, 1373]"
fake_0192_2_recompression.jpg,1,recompression,"[0, 0, 720, 1600]"
fake_0192_3_text_overlay.jpg,1,text_overlay,"[27, 366, 186, 453]"
fake_0192_4_splice.jpg,1,splice,"[532, 1008, 601, 1062]"
real_0193.jpg,0,none,
fake_0193_0_recompression.jpg,1,recompression,"[0, 0, 720, 1600]"
fake_0193_1_local_recompression.jpg,1,local_recompression,"[460, 644, 658, 701]"
fake_0193_2_local_inconsistency.jpg,1,local_inconsistency,"[181, 1140, 352, 1190]"
fake_0193_3_text_overlay.jpg,1,text_overlay,"[319, 1465, 396, 1547]"
fake_0193_4_splice.jpg,1,splice,"[487, 1151, 628, 1244]"
real_0194.jpg,0,none,
fake_0194_0_local_inconsistency.jpg,1,local_inconsistency,"[31, 57, 249, 127]"
fake_0194_1_recompression.jpg,1,recompression,"[0, 0, 720, 1600]"
fake_0194_2_local_recompression.jpg,1,local_recompression,"[365, 843, 491, 925]"
fake_0194_3_text_overlay.jpg,1,text_overlay,"[240, 1327, 304, 1394]"
fake_0194_4_splice.jpg,1,splice,"[38, 943, 116, 1034]"
real_0195.jpg,0,none,
fake_0195_0_recompression.jpg,1,recompression,"[0, 0, 720, 1600]"
fake_0195_1_local_inconsistency.jpg,1,local_inconsistency,"[500, 204, 654, 259]"
fake_0195_2_splice.jpg,1,splice,"[170, 1259, 326, 1360]"
fake_0195_3_text_overlay.jpg,1,text_overlay,"[77, 1097, 159, 1195]"
fake_0195_4_local_recompression.jpg,1,local_recompression,"[94, 1469, 248, 1581]"
real_0196.jpg,0,none,
fake_0196_0_local_recompression.jpg,1,local_recompression,"[78, 1334, 211, 1409]"
fake_0196_1_local_inconsistency.jpg,1,local_inconsistency,"[320, 409, 500, 480]"
fake_0196_2_text_overlay.jpg,1,text_overlay,"[19, 1285, 158, 1376]"
fake_0196_3_splice.jpg,1,splice,"[478, 548, 653, 655]"
fake_0196_4_recompression.jpg,1,recompression,"[0, 0, 720, 1600]"
real_0197.jpg,0,none,
fake_0197_0_local_inconsistency.jpg,1,local_inconsistency,"[432, 891, 647, 1000]"
fake_0197_1_recompression.jpg,1,recompression,"[0, 0, 720, 1600]"
fake_0197_2_splice.jpg,1,splice,"[241, 831, 377, 899]"
fake_0197_3_local_recompression.jpg,1,local_recompression,"[317, 950, 392, 1061]"
fake_0197_4_text_overlay.jpg,1,text_overlay,"[37, 413, 163, 495]"
real_0198.jpg,0,none,
fake_0198_0_local_inconsistency.jpg,1,local_inconsistency,"[459, 171, 679, 223]"
fake_0198_1_text_overlay.jpg,1,text_overlay,"[92, 812, 266, 931]"
fake_0198_2_local_recompression.jpg,1,local_recompression,"[537, 515, 681, 572]"
fake_0198_3_splice.jpg,1,splice,"[125, 641, 290, 708]"
fake_0198_4_recompression.jpg,1,recompression,"[0, 0, 720, 1600]"
real_0199.jpg,0,none,
fake_0199_0_splice.jpg,1,splice,"[57, 1004, 164, 1121]"
fake_0199_1_text_overlay.jpg,1,text_overlay,"[486, 1398, 557, 1489]"
fake_0199_2_local_recompression.jpg,1,local_recompression,"[35, 1514, 159, 1586]"
fake_0199_3_recompression.jpg,1,recompression,"[0, 0, 720, 1600]"
fake_0199_4_local_inconsistency.jpg,1,local_inconsistency,"[371, 1403, 534, 1502]"
real_0200.jpg,0,none,
fake_0200_0_recompression.jpg,1,recompression,"[0, 0, 720, 1600]"
fake_0200_1_splice.jpg,1,splice,"[449, 1293, 532, 1412]"
fake_0200_2_text_overlay.jpg,1,text_overlay,"[503, 964, 564, 1081]"
fake_0200_3_local_inconsistency.jpg,1,local_inconsistency,"[357, 534, 583, 647]"
fake_0200_4_local_recompression.jpg,1,local_recompression,"[464, 1423, 653, 1530]"
real_0201.jpg,0,none,
fake_0201_0_splice.jpg,1,splice,"[312, 642, 369, 706]"
fake_0201_1_text_overlay.jpg,1,text_overlay,"[133, 1216, 221, 1321]"
fake_0201_2_local_inconsistency.jpg,1,local_inconsistency,"[351, 1214, 564, 1282]"
fake_0201_3_recompression.jpg,1,recompression,"[0, 0, 720, 1600]"
fake_0201_4_local_recompression.jpg,1,local_recompression,"[229, 42, 427, 165]"
real_0202.jpg,0,none,
fake_0202_0_local_recompression.jpg,1,local_recompression,"[50, 821, 159, 937]"
fake_0202_1_text_overlay.jpg,1,text_overlay,"[376, 348, 507, 407]"
fake_0202_2_splice.jpg,1,splice,"[506, 242, 676, 326]"
fake_0202_3_recompression.jpg,1,recompression,"[0, 0, 720, 1600]"
fake_0202_4_local_inconsistency.jpg,1,local_inconsistency,"[220, 579, 346, 695]"
real_0203.jpg,0,none,
fake_0203_0_text_overlay.jpg,1,text_overlay,"[378, 1193, 511, 1313]"
fake_0203_1_splice.jpg,1,splice,"[407, 1406, 571, 1531]"
fake_0203_2_local_recompression.jpg,1,local_recompression,"[74, 195, 206, 290]"
fake_0203_3_local_inconsistency.jpg,1,local_inconsistency,"[240, 964, 356, 1038]"
fake_0203_4_recompression.jpg,1,recompression,"[0, 0, 720, 1600]"
real_0204.jpg,0,none,
fake_0204_0_local_recompression.jpg,1,local_recompression,"[42, 1188, 133, 1307]"
fake_0204_1_recompression.jpg,1,recompression,"[0, 0, 720, 1600]"
fake_0204_2_text_overlay.jpg,1,text_overlay,"[135, 183, 306, 301]"
fake_0204_3_local_inconsistency.jpg,1,local_inconsistency,"[511, 575, 664, 701]"
fake_0204_4_splice.jpg,1,splice,"[270, 1058, 434, 1155]"
real_0205.jpg,0,none,
fake_0205_0_local_inconsistency.jpg,1,local_inconsistency,"[187, 73, 322, 125]"
fake_0205_1_recompression.jpg,1,recompression,"[0, 0, 720, 1600]"
fake_0205_2_splice.jpg,1,splice,"[574, 993, 685, 1120]"
fake_0205_3_text_overlay.jpg,1,text_overlay,"[184, 344, 253, 461]"
fake_0205_4_local_recompression.jpg,1,local_recompression,"[292, 369, 503, 459]"
real_0206.jpg,0,none,
fake_0206_0_splice.jpg,1,splice,"[124, 807, 184, 909]"
fake_0206_1_text_overlay.jpg,1,text_overlay,"[29, 166, 99, 239]"
fake_0206_2_recompression.jpg,1,recompression,"[0, 0, 720, 1600]"
fake_0206_3_local_recompression.jpg,1,local_recompression,"[332, 1165, 498, 1289]"
fake_0206_4_local_inconsistency.jpg,1,local_inconsistency,"[289, 661, 427, 712]"
real_0207.jpg,0,none,
fake_0207_0_local_recompression.jpg,1,local_recompression,"[408, 182, 505, 307]"
fake_0207_1_recompression.jpg,1,recompression,"[0, 0, 720, 1600]"
fake_0207_2_splice.jpg,1,splice,"[157, 246, 310, 316]"
fake_0207_3_text_overlay.jpg,1,text_overlay,"[134, 735, 281, 856]"
fake_0207_4_local_inconsistency.jpg,1,local_inconsistency,"[274, 1153, 446, 1232]"
real_0208.jpg,0,none,
fake_0208_0_local_inconsistency.jpg,1,local_inconsistency,"[474, 1385, 587, 1460]"
fake_0208_1_text_overlay.jpg,1,text_overlay,"[537, 171, 655, 269]"
fake_0208_2_recompression.jpg,1,recompression,"[0, 0, 720, 1600]"
fake_0208_3_local_recompression.jpg,1,local_recompression,"[254, 1071, 424, 1143]"
fake_0208_4_splice.jpg,1,splice,"[78, 92, 171, 143]"
real_0209.jpg,0,none,
fake_0209_0_recompression.jpg,1,recompression,"[0, 0, 720, 1600]"
fake_0209_1_splice.jpg,1,splice,"[473, 367, 532, 474]"
fake_0209_2_text_overlay.jpg,1,text_overlay,"[321, 1202, 429, 1306]"
fake_0209_3_local_inconsistency.jpg,1,local_inconsistency,"[108, 379, 348, 491]"
fake_0209_4_local_recompression.jpg,1,local_recompression,"[18, 11, 186, 93]"
real_0210.jpg,0,none,
fake_0210_0_splice.jpg,1,splice,"[498, 620, 640, 737]"
fake_0210_1_local_recompression.jpg,1,local_recompression,"[309, 179, 480, 258]"
fake_0210_2_recompression.jpg,1,recompression,"[0, 0, 720, 1600]"
fake_0210_3_text_overlay.jpg,1,text_overlay,"[192, 54, 263, 103]"
fake_0210_4_local_inconsistency.jpg,1,local_inconsistency,"[195, 176, 393, 287]"
real_0211.jpg,0,none,
fake_0211_0_splice.jpg,1,splice,"[460, 1198, 635, 1283]"
fake_0211_1_local_recompression.jpg,1,local_recompression,"[341, 16, 532, 95]"
fake_0211_2_recompression.jpg,1,recompression,"[0, 0, 720, 1600]"
fake_0211_3_local_inconsistency.jpg,1,local_inconsistency,"[283, 595, 497, 690]"
fake_0211_4_text_overlay.jpg,1,text_overlay,"[499, 474, 645, 596]"
real_0212.jpg,0,none,
fake_0212_0_local_inconsistency.jpg,1,local_inconsistency,"[355, 918, 479, 1015]"
fake_0212_1_splice.jpg,1,splice,"[237, 1039, 318, 1114]"
fake_0212_2_text_overlay.jpg,1,text_overlay,"[479, 268, 578, 364]"
fake_0212_3_local_recompression.jpg,1,local_recompression,"[212, 578, 399, 693]"
fake_0212_4_recompression.jpg,1,recompression,"[0, 0, 720, 1600]"
real_0213.jpg,0,none,
fake_0213_0_text_overlay.jpg,1,text_overlay,"[48, 37, 142, 101]"
fake_0213_1_recompression.jpg,1,recompression,"[0, 0, 720, 1600]"
fake_0213_2_splice.jpg,1,splice,"[575, 458, 646, 524]"
fake_0213_3_local_recompression.jpg,1,local_recompression,"[273, 309, 458, 418]"
fake_0213_4_local_inconsistency.jpg,1,local_inconsistency,"[51, 896, 246, 952]"
real_0214.jpg,0,none,
fake_0214_0_splice.jpg,1,splice,"[210, 740, 288, 797]"
fake_0214_1_local_recompression.jpg,1,local_recompression,"[101, 315, 236, 403]"
fake_0214_2_local_inconsistency.jpg,1,local_inconsistency,"[206, 899, 362, 958]"
fake_0214_3_recompression.jpg,1,recompression,"[0, 0, 720, 1600]"
fake_0214_4_text_overlay.jpg,1,text_overlay,"[424, 738, 502, 807]"
real_0215.jpg,0,none,
fake_0215_0_text_overlay.jpg,1,text_overlay,"[528, 1397, 695, 1521]"
fake_0215_1_local_recompression.jpg,1,local_recompression,"[71, 173, 246, 262]"
fake_0215_2_recompression.jpg,1,recompression,"[0, 0, 720, 1600]"
fake_0215_3_local_inconsistency.jpg,1,local_inconsistency,"[154, 1176, 270, 1284]"
fake_0215_4_splice.jpg,1,splice,"[302, 858, 440, 947]"
real_0216.jpg,0,none,
fake_0216_0_local_inconsistency.jpg,1,local_inconsistency,"[75, 1434, 312, 1530]"
fake_0216_1_local_recompression.jpg,1,local_recompression,"[452, 1428, 613, 1525]"
fake_0216_2_text_overlay.jpg,1,text_overlay,"[414, 404, 580, 514]"
fake_0216_3_splice.jpg,1,splice,"[129, 1065, 275, 1172]"
fake_0216_4_recompression.jpg,1,recompression,"[0, 0, 720, 1600]"
real_0217.jpg,0,none,
fake_0217_0_text_overlay.jpg,1,text_overlay,"[432, 1034, 591, 1106]"
fake_0217_1_splice.jpg,1,splice,"[127, 919, 227, 970]"
fake_0217_2_recompression.jpg,1,recompression,"[0, 0, 720, 1600]"
fake_0217_3_local_recompression.jpg,1,local_recompression,"[546, 1219, 699, 1338]"
fake_0217_4_local_inconsistency.jpg,1,local_inconsistency,"[143, 1462, 301, 1532]"
real_0218.jpg,0,none,
fake_0218_0_local_recompression.jpg,1,local_recompression,"[421, 167, 514, 249]"
fake_0218_1_text_overlay.jpg,1,text_overlay,"[487, 439, 552, 558]"
fake_0218_2_recompression.jpg,1,recompression,"[0, 0, 720, 1600]"
fake_0218_3_local_inconsistency.jpg,1,local_inconsistency,"[450, 1411, 629, 1492]"
fake_0218_4_splice.jpg,1,splice,"[130, 992, 288, 1051]"
real_0219.jpg,0,none,
fake_0219_0_local_recompression.jpg,1,local_recompression,"[572, 756, 712, 863]"
fake_0219_1_splice.jpg,1,splice,"[123, 756, 254, 836]"
fake_0219_2_local_inconsistency.jpg,1,local_inconsistency,"[383, 621, 513, 698]"
fake_0219_3_recompression.jpg,1,recompression,"[0, 0, 720, 1600]"
fake_0219_4_text_overlay.jpg,1,text_overlay,"[500, 4, 583, 117]"
real_0220.jpg,0,none,
fake_0220_0_recompression.jpg,1,recompression,"[0, 0, 720, 1600]"
fake_0220_1_local_recompression.jpg,1,local_recompression,"[471, 921, 562, 980]"
fake_0220_2_local_inconsistency.jpg,1,local_inconsistency,"[91, 1279, 220, 1385]"
fake_0220_3_text_overlay.jpg,1,text_overlay,"[453, 1507, 558, 1598]"
fake_0220_4_splice.jpg,1,splice,"[126, 1318, 281, 1422]"
real_0221.jpg,0,none,
fake_0221_0_local_recompression.jpg,1,local_recompression,"[544, 368, 688, 417]"
fake_0221_1_splice.jpg,1,splice,"[593, 909, 684, 973]"
fake_0221_2_local_inconsistency.jpg,1,local_inconsistency,"[23, 696, 188, 747]"
fake_0221_3_recompression.jpg,1,recompression,"[0, 0, 720, 1600]"
fake_0221_4_text_overlay.jpg,1,text_overlay,"[172, 584, 243, 639]"
real_0222.jpg,0,none,
fake_0222_0_recompression.jpg,1,recompression,"[0, 0, 720, 1600]"
fake_0222_1_text_overlay.jpg,1,text_overlay,"[145, 845, 239, 900]"
fake_0222_2_splice.jpg,1,splice,"[242, 1009, 328, 1104]"
fake_0222_3_local_recompression.jpg,1,local_recompression,"[475, 1132, 563, 1184]"
fake_0222_4_local_inconsistency.jpg,1,local_inconsistency,"[239, 38, 356, 88]"
real_0223.jpg,0,none,
fake_0223_0_text_overlay.jpg,1,text_overlay,"[208, 291, 275, 389]"
fake_0223_1_local_recompression.jpg,1,local_recompression,"[462, 85, 595, 205]"
fake_0223_2_recompression.jpg,1,recompression,"[0, 0, 720, 1600]"
fake_0223_3_local_inconsistency.jpg,1,local_inconsistency,"[471, 987, 718, 1035]"
fake_0223_4_splice.jpg,1,splice,"[217, 1198, 396, 1313]"
real_0224.jpg,0,none,
fake_0224_0_local_recompression.jpg,1,local_recompression,"[286, 884, 458, 998]"
fake_0224_1_splice.jpg,1,splice,"[325, 1396, 457, 1520]"
fake_0224_2_text_overlay.jpg,1,text_overlay,"[470, 1227, 647, 1302]"
fake_0224_3_recompression.jpg,1,recompression,"[0, 0, 720, 1600]"
fake_0224_4_local_inconsistency.jpg,1,local_inconsistency,"[500, 804, 632, 896]"
real_0225.jpg,0,none,
fake_0225_0_splice.jpg,1,splice,"[615, 733, 715, 846]"
fake_0225_1_local_recompression.jpg,1,local_recompression,"[127, 947, 315, 1073]"
fake_0225_2_local_inconsistency.jpg,1,local_inconsistency,"[113, 40, 355, 123]"
fake_0225_3_text_overlay.jpg,1,text_overlay,"[310, 1470, 391, 1583]"
fake_0225_4_recompression.jpg,1,recompression,"[0, 0, 720, 1600]"
